-- phpMyAdmin SQL Dump
-- version 4.0.10.7
-- http://www.phpmyadmin.net
--
-- Host: localhost
-- Generation Time: Jun 05, 2015 at 06:44 AM
-- Server version: 5.5.42-cll
-- PHP Version: 5.4.23

SET SQL_MODE = "NO_AUTO_VALUE_ON_ZERO";
SET time_zone = "+00:00";


/*!40101 SET @OLD_CHARACTER_SET_CLIENT=@@CHARACTER_SET_CLIENT */;
/*!40101 SET @OLD_CHARACTER_SET_RESULTS=@@CHARACTER_SET_RESULTS */;
/*!40101 SET @OLD_COLLATION_CONNECTION=@@COLLATION_CONNECTION */;
/*!40101 SET NAMES utf8 */;

--
-- Database: `ninemedi_simol`
--

-- --------------------------------------------------------

--
-- Table structure for table `tbl_datadiri`
--

CREATE TABLE IF NOT EXISTS `tbl_datadiri` (
  `id_datadiri` int(11) NOT NULL AUTO_INCREMENT,
  `nip` bigint(18) NOT NULL DEFAULT '0',
  `nama` varchar(30) NOT NULL,
  `jenis_kelamin` enum('Pria','Wanita') NOT NULL,
  `jabatan` varchar(50) NOT NULL,
  `alamat` varchar(100) NOT NULL,
  `tempat_lahir` varchar(25) NOT NULL,
  `tanggal_lahir` date NOT NULL,
  `agama` varchar(25) NOT NULL,
  `status_perkawinan` enum('Menikah','Belum Menikah') NOT NULL,
  `no_hp` varchar(15) NOT NULL,
  `email` varchar(30) NOT NULL,
  PRIMARY KEY (`id_datadiri`),
  UNIQUE KEY `nip` (`nip`)
) ENGINE=InnoDB  DEFAULT CHARSET=latin1 AUTO_INCREMENT=35 ;

--
-- Dumping data for table `tbl_datadiri`
--

INSERT INTO `tbl_datadiri` (`id_datadiri`, `nip`, `nama`, `jenis_kelamin`, `jabatan`, `alamat`, `tempat_lahir`, `tanggal_lahir`, `agama`, `status_perkawinan`, `no_hp`, `email`) VALUES
(17, 197503082002121004, 'Dr. Sasa Sofyan Munawar, S.Hut', 'Pria', 'Kepala Bidang INATEK', 'Jakarta', 'Sumedang', '1975-03-08', 'Islam', 'Menikah', '087870506400', 'radenrifalardiansyah@gmail.com'),
(19, 198606112009122005, 'Yustina Nita Sulistami, S.Kom', 'Wanita', 'Staff Subbidang Alih Teknologi', 'Bogor Baru', 'Demak', '1986-06-11', 'Islam', 'Menikah', '091576879890', 'yustinanita@gmail.com'),
(22, 198109202010121001, 'Adityo Wicaksono , S.Ds.', 'Pria', 'Staff Subbidang Alih Teknologi', 'Cibinong Pabuaran', 'Semarang', '1981-09-19', 'Islam', 'Menikah', '083819888797', 'niko.agrida10NA@gmail.com'),
(23, 198506042014012001, 'Elfira Rosa Juningsih , S.I.Ko', 'Wanita', 'Staff Subbidang Alih Teknologi', 'Jakarta Timur', 'Jakarta', '1985-06-04', 'Islam', 'Menikah', '087749491334', 'haryatidianwarsari@gmail.com'),
(25, 198401172008121001, 'Adi Setiya Dwi Grahito, S.Si.', 'Pria', 'Kepala Subbidang Inkubasi Teknologi', 'Pondok Aren', 'Surakarta', '1984-01-17', 'Islam', 'Menikah', '085777778899', 'adisetiya@gmail.com'),
(26, 198502072009121006, 'Syukri Yusuf Nasution, S.T.', 'Pria', 'Staff Subbidang Inkubasi Teknologi', 'Depok', 'Padang Sidempuan', '1985-02-07', 'Islam', 'Menikah', '082811223344', 'syukrinasution@gmail.com'),
(27, 198101012009121003, 'Priyo Yantyo, S.T.', 'Pria', 'Staff Subbidang Inkubasi Teknologi', 'Jakarta Barat', 'Madiun', '1981-01-01', 'Islam', 'Menikah', '097870678999', 'rdrifalardiansyah@yahoo.co.id'),
(28, 198711172010121001, 'Syahrizal Maulana, S.T.', 'Pria', 'Staff Subbidang Inkubasi Teknologi', 'Ciluer', 'Pasuruan', '1987-11-17', 'Islam', 'Menikah', '097765437890', 'Nsyahrizalmaulana@yahoo.co.idu'),
(30, 196211111990031002, 'Drs. Manaek Simamora, MBA.', 'Pria', 'Perekayasa/Staff Subbidang Inkubasi Teknologi', 'Pemda Cibinong', 'Dolok Sanggul', '1962-11-11', 'Islam', 'Menikah', '081888887777', 'abinktidar@gmail.com'),
(31, 198708072014011001, 'Aris Yaman , S.Stat', 'Pria', 'Staff Subbidang Inkubasi Teknologi', 'Bogor', 'Bogor', '1987-08-07', 'Islam', 'Belum Menikah', '085677889900', 'arisyaman@gmail.com'),
(32, 198911012014012001, 'Nurlisa Dwi Novianti , S. Farm', 'Wanita', 'Staff Subbidang Inkubasi Teknologi', 'Bogor', 'Bojonegoro', '1989-11-01', 'Islam', 'Belum Menikah', '099989898989', 'nurlisa@gmail.com'),
(33, 198712022014012001, 'V Susirani Kusumaputri , S.P.', 'Wanita', 'Staff Subbidang Inkubasi Teknologi', 'Jakarta', 'Metro', '1987-12-02', 'Islam', 'Belum Menikah', '085757898899', 'susirani@gmail.com'),
(34, 123456789012345678, 'Admin', 'Pria', 'Administrator', 'PUSAT INOVASI LIPI', 'Null', '1900-01-01', 'Null', 'Belum Menikah', 'Null', 'administrator@gmail.com');

-- --------------------------------------------------------

--
-- Table structure for table `tbl_dokumen`
--

CREATE TABLE IF NOT EXISTS `tbl_dokumen` (
  `id_dokumen` varchar(5) NOT NULL,
  `nip` bigint(18) NOT NULL DEFAULT '0',
  `id_kegiatan` varchar(5) NOT NULL,
  `judul_dokumen` varchar(30) NOT NULL,
  `file_dokumen` blob NOT NULL,
  `waktu` datetime NOT NULL,
  `status_dokumen` enum('Proses','Dalam Pengecekan','Diterima','Gagal Diterima') NOT NULL,
  PRIMARY KEY (`id_dokumen`),
  KEY `waktu` (`waktu`),
  KEY `id_kegiatan` (`id_kegiatan`),
  KEY `nip` (`nip`)
) ENGINE=InnoDB DEFAULT CHARSET=latin1;

--
-- Dumping data for table `tbl_dokumen`
--

INSERT INTO `tbl_dokumen` (`id_dokumen`, `nip`, `id_kegiatan`, `judul_dokumen`, `file_dokumen`, `waktu`, `status_dokumen`) VALUES
('D001', 196211111990031002, 'S003', 'Kegiatan Promosi EXPO', 0x4c61706f72616e5f50656e64616d70696e67616e5f54656e616e745f2d5f4b6567696174616e5f50726f6d6f73695f2d5f50545f5450475f2d5f5269746563685f4578706f2e646f6378, '2015-03-09 22:29:56', 'Diterima'),
('D002', 196211111990031002, 'S008', 'Inkubasi Teknologi', 0x3134303430365f4c61706f72616e5f496e6b756261746f725f4a616e756172695f323031345f7265765f61735f6e65772e646f6378, '2014-09-24 22:30:47', 'Dalam Pengecekan'),
('D003', 198401172008121001, 'S002', 'Pengembangan REL KA', 0x4c61706f72616e5f4b6567696174616e5f50726f746f746970655f2d5f50454e47454d42414e47414e5f44414e5f41504c494b4153495f424c4f4b5f52454d5f4b4f4d504f5349545f4b45524554415f4150492e706466, '2015-06-04 22:33:43', 'Diterima'),
('D004', 198401172008121001, 'S001', 'Pembuatan Antena', 0x4c41504f52414e5f42554c414e5f46454252554152495f323031345f414e54454e412e646f6378, '2014-08-14 22:35:13', 'Proses'),
('D005', 198506042014012001, 'S004', 'Pra Inkubasi Nano', 0x4c61706f72616e5f50445f52697a616c4c6973615f536572706f6e675f32362e365f5f2e31345f4e616e6f7069676d656e436f6b6c61745f7265765f5f2e646f6378, '2014-06-20 22:36:42', 'Dalam Pengecekan'),
('D006', 198506042014012001, 'S007', 'Pengelolaan Nano Pigmen', 0x3134303430365f4c61706f72616e5f496e6b756261746f725f4a616e756172695f323031345f7265765f61735f6e6577312e646f6378, '2015-04-30 22:37:19', 'Gagal Diterima'),
('D007', 198506042014012001, 'S006', 'Alih Teknologi Nano', 0x4c61706f72616e5f4b6567696174616e5f50726f746f746970655f2d5f50454e47454d42414e47414e5f44414e5f41504c494b4153495f424c4f4b5f52454d5f4b4f4d504f5349545f4b45524554415f415049312e706466, '2015-06-25 22:38:08', 'Diterima'),
('D008', 196211111990031002, 'S001', 'Pengembangan teknologi', 0x4c41504f52414e5f42554c414e5f46454252554152495f323031345f414e54454e412e646f6378, '2015-06-05 05:49:28', 'Proses'),
('D009', 198506042014012001, 'S003', 'Pengembangan Tenant', 0x4c61706f72616e5f50656e64616d70696e67616e5f54656e616e745f2d5f4b6567696174616e5f50726f6d6f73695f2d5f50545f5450475f2d5f5269746563685f4578706f312e646f6378, '2015-03-17 06:12:47', 'Proses'),
('D010', 198502072009121006, 'S004', 'Inkubasi Pigment', 0x4c61706f72616e5f50656e64616d70696e67616e5f54656e616e745f2d5f4b6567696174616e5f50726f6d6f73695f2d5f50545f5450475f2d5f5269746563685f4578706f322e646f6378, '2015-06-05 06:16:35', 'Gagal Diterima'),
('D011', 198708072014011001, 'S001', 'Teknologi', 0x3134303430365f4c61706f72616e5f496e6b756261746f725f4a616e756172695f323031345f7265765f61735f6e65772e646f6378, '2014-11-05 06:22:34', 'Proses'),
('D012', 198101012009121003, 'S008', 'Inkubasi', 0x3134303430365f4c61706f72616e5f496e6b756261746f725f4a616e756172695f323031345f7265765f61735f6e6577312e646f6378, '2014-10-05 06:24:56', 'Proses'),
('D013', 198101012009121003, 'S002', 'Tipe Pigment', 0x4c61706f72616e5f4b6567696174616e5f50726f746f746970655f2d5f50454e47454d42414e47414e5f44414e5f41504c494b4153495f424c4f4b5f52454d5f4b4f4d504f5349545f4b45524554415f415049322e706466, '2015-04-22 06:26:23', 'Proses'),
('D014', 198109202010121001, 'S006', 'Alih Teknologi Pigment', 0x4c41504f52414e5f4d504d4f5f42616e64756e675f3233313031342e646f6378, '2015-06-05 06:28:18', 'Gagal Diterima'),
('D015', 198401172008121001, 'S002', 'Pembuatan Antena Omni', 0x4c61706f72616e5f4b6567696174616e5f50726f746f746970655f2d5f50454e47454d42414e47414e5f44414e5f41504c494b4153495f424c4f4b5f52454d5f4b4f4d504f5349545f4b45524554415f415049332e706466, '2015-04-06 06:34:12', 'Dalam Pengecekan');

-- --------------------------------------------------------

--
-- Table structure for table `tbl_kategori`
--

CREATE TABLE IF NOT EXISTS `tbl_kategori` (
  `id_kategori` varchar(5) NOT NULL,
  `nama_kategori` varchar(30) NOT NULL,
  PRIMARY KEY (`id_kategori`)
) ENGINE=InnoDB DEFAULT CHARSET=latin1;

--
-- Dumping data for table `tbl_kategori`
--

INSERT INTO `tbl_kategori` (`id_kategori`, `nama_kategori`) VALUES
('K001', 'Inkubasi Teknologi'),
('K002', 'Alih Teknologi');

-- --------------------------------------------------------

--
-- Table structure for table `tbl_kegiatan`
--

CREATE TABLE IF NOT EXISTS `tbl_kegiatan` (
  `id_kegiatan` varchar(5) NOT NULL,
  `jenis_kegiatan` varchar(30) NOT NULL,
  `id_kategori` varchar(5) NOT NULL,
  PRIMARY KEY (`id_kegiatan`)
) ENGINE=InnoDB DEFAULT CHARSET=latin1;

--
-- Dumping data for table `tbl_kegiatan`
--

INSERT INTO `tbl_kegiatan` (`id_kegiatan`, `jenis_kegiatan`, `id_kategori`) VALUES
('S001', 'Identifikasi Teknologi', 'K001'),
('S002', 'Pembuatan Prototipe', 'K001'),
('S003', 'Pendampingan Tenant', 'K002'),
('S004', 'Pendampingan Kegiatan Pra Inku', 'K001'),
('S005', 'Pendampingan Kegiatan Inkubasi', 'K001'),
('S006', 'Pemanfaatan ALih Teknologi', 'K002'),
('S007', 'Pengelolaan Lisensi Teknologi ', 'K002'),
('S008', 'inkubator', 'K001');

-- --------------------------------------------------------

--
-- Table structure for table `tbl_notulensi_rapat`
--

CREATE TABLE IF NOT EXISTS `tbl_notulensi_rapat` (
  `id_notulensi` int(11) NOT NULL AUTO_INCREMENT,
  `nip` bigint(18) NOT NULL DEFAULT '0',
  `hari` varchar(10) NOT NULL,
  `tanggal_rapat` date NOT NULL,
  `pembahasan` varchar(50) NOT NULL,
  `penyelenggara` varchar(25) NOT NULL,
  `tempat` varchar(30) NOT NULL,
  `peserta` varchar(25) NOT NULL,
  `notulis` varchar(25) NOT NULL,
  `file_notulensi` blob NOT NULL,
  `status_notulensi` enum('Proses','Dalam Pengecekan','Diterima','Gagal Diterima') NOT NULL,
  PRIMARY KEY (`id_notulensi`)
) ENGINE=InnoDB  DEFAULT CHARSET=latin1 AUTO_INCREMENT=20 ;

--
-- Dumping data for table `tbl_notulensi_rapat`
--

INSERT INTO `tbl_notulensi_rapat` (`id_notulensi`, `nip`, `hari`, `tanggal_rapat`, `pembahasan`, `penyelenggara`, `tempat`, `peserta`, `notulis`, `file_notulensi`, `status_notulensi`) VALUES
(8, 196211111990031002, 'Rabu', '2015-01-12', 'Pelaporan Notulensi Nano ', 'PUSINOV', 'Auditorium Pusat Inovasi LIPI', 'Terlampir', 'Manaek', 0x4c61706f72616e5f50445f52697a616c4c6973615f536572706f6e675f32362e365f2e31345f4e616e6f7069676d656e436f6b6c61745f7265765f322e646f6378, 'Diterima'),
(9, 198911012014012001, 'Kamis', '2014-10-16', 'Pelaporan PD Nanopigment', 'Pusinov', 'Ruang Rapat 209 Pusat Inovasi ', 'Terlampir', 'Rizal dan Lisa', 0x4c61706f72616e5f50445f52697a616c4c6973615f536572706f6e675f32362e365f5f2e31345f4e616e6f7069676d656e436f6b6c61745f7265765f5f2e646f6378, 'Proses'),
(10, 198401172008121001, 'Kamis', '2015-02-12', 'Pengembangan Notulensi Inkubator', 'PUSINOV', 'Ruang Rapat Kepala Pusat Inova', 'Terlampir', 'Adi', 0x3134303430365f4c61706f72616e5f496e6b756261746f725f4a616e756172695f323031345f7265765f61735f6e6577312e646f6378, 'Diterima'),
(11, 196211111990031002, 'Kamis', '2015-04-16', 'Pelaporan Notulensi Nano Pigment', 'PUSINOV', 'Ruang Rapat 208 Pusat Inovasi ', 'Terlampir', 'Manaek', 0x4c61706f72616e5f50445f52697a616c4c6973615f536572706f6e675f32362e365f5f2e31345f4e616e6f7069676d656e436f6b6c61745f7265765f5f312e646f6378, 'Proses'),
(12, 198401172008121001, 'Selasa', '2014-03-18', 'Pelaporan PD Nanopigment', 'PUSINOV', 'Ruang Rapat 111 Pusat Inovasi ', 'Terlampir', 'Adi', 0x4c61706f72616e5f50445f52697a616c4c6973615f536572706f6e675f32362e365f2e31345f4e616e6f7069676d656e436f6b6c61745f7265765f332e646f6378, 'Dalam Pengecekan'),
(13, 198708072014011001, 'Selasa', '2014-09-16', 'Pengembangan Notulensi Inkubator', 'Pusinov', 'Ruang Rapat 208 Pusat Inovasi ', 'Terlampir', 'Aris Yaman', 0x4c61706f72616e5f50445f52697a616c4c6973615f536572706f6e675f32362e365f5f2e31345f4e616e6f7069676d656e436f6b6c61745f7265765f5f322e646f6378, 'Proses'),
(14, 198708072014011001, 'Senin', '2015-05-20', 'Pelaporan PD Nanopigment', 'Pusinov', 'Ruang Rapat 208 Pusat Inovasi ', 'Terlampir', 'Aris Yaman', 0x4c61706f72616e5f50445f52697a616c4c6973615f536572706f6e675f32362e365f2e31345f4e616e6f7069676d656e436f6b6c61745f7265765f342e646f6378, 'Proses'),
(15, 198109202010121001, 'Jum''at', '2015-04-17', 'Alih Pigment', 'PUSINOV', 'Ruang Rapat 121 Pusat Inovasi ', 'Terlampir', 'Adityo', 0x4c41504f52414e5f4d504d4f5f42616e64756e675f3233313031342e646f6378, 'Dalam Pengecekan'),
(16, 198109202010121001, 'Kamis', '2014-10-23', 'Laporan MPMO ', 'PUSINOV', 'Ruang Rapat 121 Pusat Inovasi ', 'Terlampir', 'Adi', 0x4c41504f52414e5f4d504d4f5f42616e64756e675f323331303134312e646f6378, 'Gagal Diterima'),
(17, 196211111990031002, 'Sabtu', '2014-12-27', 'Pelaporan PD Nanopigment', 'PUSINOV', 'Ruang Rapat 111 Pusat Inovasi ', 'Terlampir', 'Manaek', 0x4c61706f72616e5f50445f52697a616c4c6973615f536572706f6e675f32362e365f2e31345f4e616e6f7069676d656e436f6b6c61745f7265765f352e646f6378, 'Proses'),
(18, 198401172008121001, 'Rabu', '2014-07-16', 'Pelaporan PD Nanopigment Inkubasi', 'PUSINOV', 'Ruang Rapat 208 Pusat Inovasi ', 'Terlampir', 'Adi', 0x4c61706f72616e5f50656e64616d70696e67616e5f54656e616e745f2d5f4b6567696174616e5f50726f6d6f73695f2d5f50545f5450475f2d5f5269746563685f4578706f2e646f6378, 'Dalam Pengecekan'),
(19, 198401172008121001, 'Jum''at', '2015-06-05', 'Alih Pigment Teknologi', 'PUSINOV', 'Auditorium Pusat Inovasi LIPI', 'Terlampir', 'Adi', 0x4c61706f72616e5f4b6567696174616e5f50726f746f746970655f2d5f50454e47454d42414e47414e5f44414e5f41504c494b4153495f424c4f4b5f52454d5f4b4f4d504f5349545f4b45524554415f4150492e646f6378, 'Diterima');

-- --------------------------------------------------------

--
-- Table structure for table `tbl_pengguna`
--

CREATE TABLE IF NOT EXISTS `tbl_pengguna` (
  `nip` bigint(18) NOT NULL DEFAULT '0',
  `username` varchar(25) NOT NULL,
  `password` varchar(50) NOT NULL,
  `status_pengguna` enum('staff','admin') NOT NULL,
  PRIMARY KEY (`nip`),
  KEY `nip` (`nip`)
) ENGINE=InnoDB DEFAULT CHARSET=latin1;

--
-- Dumping data for table `tbl_pengguna`
--

INSERT INTO `tbl_pengguna` (`nip`, `username`, `password`, `status_pengguna`) VALUES
(123456789012345678, 'Admin', '81dc9bdb52d04dc20036dbd8313ed055', 'admin'),
(196211111990031002, 'Manaek', '81dc9bdb52d04dc20036dbd8313ed055', 'staff'),
(197503082002121004, 'Sasa', '81dc9bdb52d04dc20036dbd8313ed055', 'admin'),
(198101012009121003, 'Priyo', '81dc9bdb52d04dc20036dbd8313ed055', 'staff'),
(198109202010121001, 'Adityo', '81dc9bdb52d04dc20036dbd8313ed055', 'staff'),
(198401172008121001, 'Adi', '81dc9bdb52d04dc20036dbd8313ed055', 'admin'),
(198502072009121006, 'Syukri', '81dc9bdb52d04dc20036dbd8313ed055', 'staff'),
(198506042014012001, 'Elfira', '81dc9bdb52d04dc20036dbd8313ed055', 'staff'),
(198606112009122005, 'Yustina', '81dc9bdb52d04dc20036dbd8313ed055', 'staff'),
(198708072014011001, 'Aris', '81dc9bdb52d04dc20036dbd8313ed055', 'staff'),
(198711172010121001, 'Syahrizal', '81dc9bdb52d04dc20036dbd8313ed055', 'staff'),
(198712022014012001, 'Susirani', '81dc9bdb52d04dc20036dbd8313ed055', 'staff'),
(198911012014012001, 'Nurlisa', '81dc9bdb52d04dc20036dbd8313ed055', 'staff');

-- --------------------------------------------------------

--
-- Table structure for table `tbl_pesan`
--

CREATE TABLE IF NOT EXISTS `tbl_pesan` (
  `id_pesan` int(11) NOT NULL AUTO_INCREMENT,
  `nip` bigint(18) NOT NULL DEFAULT '0',
  `pengirim` varchar(25) NOT NULL,
  `subjek` varchar(25) NOT NULL,
  `pesan` text NOT NULL,
  `waktu` datetime NOT NULL,
  `status` enum('Dibaca','Belum Dibaca','','') NOT NULL,
  PRIMARY KEY (`id_pesan`)
) ENGINE=InnoDB  DEFAULT CHARSET=latin1 AUTO_INCREMENT=29 ;

--
-- Dumping data for table `tbl_pesan`
--

INSERT INTO `tbl_pesan` (`id_pesan`, `nip`, `pengirim`, `subjek`, `pesan`, `waktu`, `status`) VALUES
(2, 198101012009121003, 'Sasa', 'Pemberitahuan', '<h3><!--?php $this---><strong>Yth. Staff <em>Bidang Inkubasi dan Alih Teknologi</em>,</strong></h3>\r\n\r\n<h3><strong>di</strong></h3>\r\n\r\n<p><strong>&nbsp;&nbsp;&nbsp; Tempat</strong></p>\r\n\r\n<p>&nbsp;&nbsp;&nbsp;&nbsp; Admin menginformasikan bahwa pada saat ini sedang diadakan monitoring kegiatan Inkubasi dan Alih Teknologi. Dengan ini admin menyatakan, agar segera mengirimkan dokumen kegiatan terlampir melalui <em><strong>Sistem Monitoring Kegiatan Bidang Inkubasi dan Alih Teknologi</strong></em>.</p>\r\n\r\n<p>Kegiatan Pelaporan dilaksanakan pada tanggal : 18 Juni 2015 - 27 Juli 2015&nbsp;</p>\r\n\r\n<p>Dimohon tidak mengabaikan pesan ini.</p>\r\n\r\n<p>&nbsp;&nbsp;&nbsp; Atas perhatiannya, kami ucapkan terima kasih.</p>\r\n\r\n<p>&nbsp;&nbsp;&nbsp;&nbsp;&nbsp;&nbsp;&nbsp;&nbsp;&nbsp;&nbsp;&nbsp;&nbsp;&nbsp;&nbsp;&nbsp;&nbsp;&nbsp;&nbsp;&nbsp;&nbsp;&nbsp;&nbsp;&nbsp;&nbsp;&nbsp;&nbsp;&nbsp;&nbsp;&nbsp;&nbsp;&nbsp;&nbsp;&nbsp;&nbsp;&nbsp;&nbsp;&nbsp;&nbsp;&nbsp;&nbsp;&nbsp;&nbsp;&nbsp;&nbsp;&nbsp;&nbsp;&nbsp;&nbsp;&nbsp;&nbsp;&nbsp;&nbsp;&nbsp;&nbsp;&nbsp;&nbsp;&nbsp;&nbsp;&nbsp;&nbsp;&nbsp;&nbsp;&nbsp;&nbsp;&nbsp;&nbsp;&nbsp;&nbsp;&nbsp;&nbsp;&nbsp;&nbsp;&nbsp;&nbsp;&nbsp;&nbsp;&nbsp;&nbsp;&nbsp;&nbsp;&nbsp;&nbsp;&nbsp;&nbsp;&nbsp;&nbsp;&nbsp;&nbsp;&nbsp;&nbsp;&nbsp;&nbsp;&nbsp;&nbsp;&nbsp;&nbsp;&nbsp;&nbsp;&nbsp;&nbsp;&nbsp;&nbsp;&nbsp;&nbsp;&nbsp;&nbsp;&nbsp;&nbsp;&nbsp;&nbsp;&nbsp;&nbsp;&nbsp;&nbsp;&nbsp;&nbsp;&nbsp;&nbsp;&nbsp;&nbsp;&nbsp;&nbsp;&nbsp;&nbsp;&nbsp;&nbsp;&nbsp;&nbsp;&nbsp;&nbsp;&nbsp;&nbsp;&nbsp;&nbsp;&nbsp;&nbsp;&nbsp;&nbsp;&nbsp;&nbsp;&nbsp;&nbsp;&nbsp;&nbsp;&nbsp;&nbsp;&nbsp;&nbsp;&nbsp;&nbsp;&nbsp;&nbsp;&nbsp;&nbsp;&nbsp;&nbsp;&nbsp;&nbsp;&nbsp;&nbsp;&nbsp;&nbsp;&nbsp;&nbsp;&nbsp;&nbsp;&nbsp;&nbsp;&nbsp;&nbsp;&nbsp;&nbsp;&nbsp;&nbsp;&nbsp;&nbsp;&nbsp;&nbsp;&nbsp;&nbsp;&nbsp;&nbsp;&nbsp;&nbsp;&nbsp;&nbsp;&nbsp;&nbsp;&nbsp;&nbsp;&nbsp;&nbsp;&nbsp;&nbsp;&nbsp;&nbsp;&nbsp;&nbsp;&nbsp;&nbsp;&nbsp;&nbsp;&nbsp;&nbsp;&nbsp;&nbsp;&nbsp;&nbsp;&nbsp;&nbsp;&nbsp;&nbsp;&nbsp;&nbsp;&nbsp;&nbsp;&nbsp;&nbsp;&nbsp;&nbsp;&nbsp;&nbsp; &nbsp; &nbsp; &nbsp; &nbsp; &nbsp; &nbsp; &nbsp; &nbsp; &nbsp; &nbsp; &nbsp; &nbsp; &nbsp; &nbsp; &nbsp;&nbsp; <strong>Ttd : Admin</strong></p>\r\n', '2015-06-04 08:51:08', 'Dibaca'),
(3, 198109202010121001, 'Sasa', 'Pemberitahuan', '<h3><!--?php $this---><strong>Yth. Staff <em>Bidang Inkubasi dan Alih Teknologi</em>,</strong></h3>\r\n\r\n<h3><strong>di</strong></h3>\r\n\r\n<p><strong>&nbsp;&nbsp;&nbsp; Tempat</strong></p>\r\n\r\n<p>&nbsp;&nbsp;&nbsp;&nbsp; Admin menginformasikan bahwa pada saat ini sedang diadakan monitoring kegiatan Inkubasi dan Alih Teknologi. Dengan ini admin menyatakan, agar segera mengirimkan dokumen kegiatan terlampir melalui <em><strong>Sistem Monitoring Kegiatan Bidang Inkubasi dan Alih Teknologi</strong></em>.</p>\r\n\r\n<p>Kegiatan Pelaporan dilaksanakan pada tanggal : 18 Juni 2015 - 27 Juli 2015&nbsp;</p>\r\n\r\n<p>Dimohon tidak mengabaikan pesan ini.</p>\r\n\r\n<p>&nbsp;&nbsp;&nbsp; Atas perhatiannya, kami ucapkan terima kasih.</p>\r\n\r\n<p>&nbsp;&nbsp;&nbsp;&nbsp;&nbsp;&nbsp;&nbsp;&nbsp;&nbsp;&nbsp;&nbsp;&nbsp;&nbsp;&nbsp;&nbsp;&nbsp;&nbsp;&nbsp;&nbsp;&nbsp;&nbsp;&nbsp;&nbsp;&nbsp;&nbsp;&nbsp;&nbsp;&nbsp;&nbsp;&nbsp;&nbsp;&nbsp;&nbsp;&nbsp;&nbsp;&nbsp;&nbsp;&nbsp;&nbsp;&nbsp;&nbsp;&nbsp;&nbsp;&nbsp;&nbsp;&nbsp;&nbsp;&nbsp;&nbsp;&nbsp;&nbsp;&nbsp;&nbsp;&nbsp;&nbsp;&nbsp;&nbsp;&nbsp;&nbsp;&nbsp;&nbsp;&nbsp;&nbsp;&nbsp;&nbsp;&nbsp;&nbsp;&nbsp;&nbsp;&nbsp;&nbsp;&nbsp;&nbsp;&nbsp;&nbsp;&nbsp;&nbsp;&nbsp;&nbsp;&nbsp;&nbsp;&nbsp;&nbsp;&nbsp;&nbsp;&nbsp;&nbsp;&nbsp;&nbsp;&nbsp;&nbsp;&nbsp;&nbsp;&nbsp;&nbsp;&nbsp;&nbsp;&nbsp;&nbsp;&nbsp;&nbsp;&nbsp;&nbsp;&nbsp;&nbsp;&nbsp;&nbsp;&nbsp;&nbsp;&nbsp;&nbsp;&nbsp;&nbsp;&nbsp;&nbsp;&nbsp;&nbsp;&nbsp;&nbsp;&nbsp;&nbsp;&nbsp;&nbsp;&nbsp;&nbsp;&nbsp;&nbsp;&nbsp;&nbsp;&nbsp;&nbsp;&nbsp;&nbsp;&nbsp;&nbsp;&nbsp;&nbsp;&nbsp;&nbsp;&nbsp;&nbsp;&nbsp;&nbsp;&nbsp;&nbsp;&nbsp;&nbsp;&nbsp;&nbsp;&nbsp;&nbsp;&nbsp;&nbsp;&nbsp;&nbsp;&nbsp;&nbsp;&nbsp;&nbsp;&nbsp;&nbsp;&nbsp;&nbsp;&nbsp;&nbsp;&nbsp;&nbsp;&nbsp;&nbsp;&nbsp;&nbsp;&nbsp;&nbsp;&nbsp;&nbsp;&nbsp;&nbsp;&nbsp;&nbsp;&nbsp;&nbsp;&nbsp;&nbsp;&nbsp;&nbsp;&nbsp;&nbsp;&nbsp;&nbsp;&nbsp;&nbsp;&nbsp;&nbsp;&nbsp;&nbsp;&nbsp;&nbsp;&nbsp;&nbsp;&nbsp;&nbsp;&nbsp;&nbsp;&nbsp;&nbsp;&nbsp;&nbsp;&nbsp;&nbsp;&nbsp;&nbsp;&nbsp;&nbsp;&nbsp;&nbsp;&nbsp;&nbsp;&nbsp;&nbsp;&nbsp;&nbsp;&nbsp; &nbsp; &nbsp; &nbsp; &nbsp; &nbsp; &nbsp; &nbsp; &nbsp; &nbsp; &nbsp; &nbsp; &nbsp; &nbsp; &nbsp; &nbsp;&nbsp; <strong>Ttd : Admin</strong></p>\r\n', '2015-06-04 08:51:08', 'Dibaca'),
(4, 198401172008121001, 'Sasa', 'Pemberitahuan', '<h3><!--?php $this---><strong>Yth. Staff <em>Bidang Inkubasi dan Alih Teknologi</em>,</strong></h3>\r\n\r\n<h3><strong>di</strong></h3>\r\n\r\n<p><strong>&nbsp;&nbsp;&nbsp; Tempat</strong></p>\r\n\r\n<p>&nbsp;&nbsp;&nbsp;&nbsp; Admin menginformasikan bahwa pada saat ini sedang diadakan monitoring kegiatan Inkubasi dan Alih Teknologi. Dengan ini admin menyatakan, agar segera mengirimkan dokumen kegiatan terlampir melalui <em><strong>Sistem Monitoring Kegiatan Bidang Inkubasi dan Alih Teknologi</strong></em>.</p>\r\n\r\n<p>Kegiatan Pelaporan dilaksanakan pada tanggal : 18 Juni 2015 - 27 Juli 2015&nbsp;</p>\r\n\r\n<p>Dimohon tidak mengabaikan pesan ini.</p>\r\n\r\n<p>&nbsp;&nbsp;&nbsp; Atas perhatiannya, kami ucapkan terima kasih.</p>\r\n\r\n<p>&nbsp;&nbsp;&nbsp;&nbsp;&nbsp;&nbsp;&nbsp;&nbsp;&nbsp;&nbsp;&nbsp;&nbsp;&nbsp;&nbsp;&nbsp;&nbsp;&nbsp;&nbsp;&nbsp;&nbsp;&nbsp;&nbsp;&nbsp;&nbsp;&nbsp;&nbsp;&nbsp;&nbsp;&nbsp;&nbsp;&nbsp;&nbsp;&nbsp;&nbsp;&nbsp;&nbsp;&nbsp;&nbsp;&nbsp;&nbsp;&nbsp;&nbsp;&nbsp;&nbsp;&nbsp;&nbsp;&nbsp;&nbsp;&nbsp;&nbsp;&nbsp;&nbsp;&nbsp;&nbsp;&nbsp;&nbsp;&nbsp;&nbsp;&nbsp;&nbsp;&nbsp;&nbsp;&nbsp;&nbsp;&nbsp;&nbsp;&nbsp;&nbsp;&nbsp;&nbsp;&nbsp;&nbsp;&nbsp;&nbsp;&nbsp;&nbsp;&nbsp;&nbsp;&nbsp;&nbsp;&nbsp;&nbsp;&nbsp;&nbsp;&nbsp;&nbsp;&nbsp;&nbsp;&nbsp;&nbsp;&nbsp;&nbsp;&nbsp;&nbsp;&nbsp;&nbsp;&nbsp;&nbsp;&nbsp;&nbsp;&nbsp;&nbsp;&nbsp;&nbsp;&nbsp;&nbsp;&nbsp;&nbsp;&nbsp;&nbsp;&nbsp;&nbsp;&nbsp;&nbsp;&nbsp;&nbsp;&nbsp;&nbsp;&nbsp;&nbsp;&nbsp;&nbsp;&nbsp;&nbsp;&nbsp;&nbsp;&nbsp;&nbsp;&nbsp;&nbsp;&nbsp;&nbsp;&nbsp;&nbsp;&nbsp;&nbsp;&nbsp;&nbsp;&nbsp;&nbsp;&nbsp;&nbsp;&nbsp;&nbsp;&nbsp;&nbsp;&nbsp;&nbsp;&nbsp;&nbsp;&nbsp;&nbsp;&nbsp;&nbsp;&nbsp;&nbsp;&nbsp;&nbsp;&nbsp;&nbsp;&nbsp;&nbsp;&nbsp;&nbsp;&nbsp;&nbsp;&nbsp;&nbsp;&nbsp;&nbsp;&nbsp;&nbsp;&nbsp;&nbsp;&nbsp;&nbsp;&nbsp;&nbsp;&nbsp;&nbsp;&nbsp;&nbsp;&nbsp;&nbsp;&nbsp;&nbsp;&nbsp;&nbsp;&nbsp;&nbsp;&nbsp;&nbsp;&nbsp;&nbsp;&nbsp;&nbsp;&nbsp;&nbsp;&nbsp;&nbsp;&nbsp;&nbsp;&nbsp;&nbsp;&nbsp;&nbsp;&nbsp;&nbsp;&nbsp;&nbsp;&nbsp;&nbsp;&nbsp;&nbsp;&nbsp;&nbsp;&nbsp;&nbsp;&nbsp;&nbsp;&nbsp;&nbsp; &nbsp; &nbsp; &nbsp; &nbsp; &nbsp; &nbsp; &nbsp; &nbsp; &nbsp; &nbsp; &nbsp; &nbsp; &nbsp; &nbsp; &nbsp;&nbsp; <strong>Ttd : Admin</strong></p>\r\n', '2015-06-04 08:51:08', 'Belum Dibaca'),
(6, 198506042014012001, 'Sasa', 'Terima Kasih', '<h3><!--?php $this---><strong>Yth. Staff <em>Bidang Inkubasi dan Alih Teknologi</em>,</strong></h3>\n\n<h3><strong>di</strong></h3>\n\n<p><strong>&nbsp;&nbsp;&nbsp; Tempat</strong></p>\n\n<p>&nbsp;&nbsp;&nbsp;&nbsp; Admin menginformasikan bahwa pada saat ini sedang diadakan monitoring kegiatan Inkubasi dan Alih Teknologi. Dengan ini admin menyatakan, agar segera mengirimkan dokumen kegiatan terlampir melalui <em><strong>Sistem Monitoring Kegiatan Bidang Inkubasi dan Alih Teknologi</strong></em>.</p>\n\n<p>Kegiatan Pelaporan dilaksanakan pada tanggal : 18 April 2015 - 27 April 2015&nbsp;</p>\n\n<p>Dimohon tidak mengabaikan pesan ini.</p>\n\n<p>&nbsp;&nbsp;&nbsp; Atas perhatiannya, kami ucapkan terima kasih.</p>\n\n<p>&nbsp;&nbsp;&nbsp;&nbsp;&nbsp;&nbsp;&nbsp;&nbsp;&nbsp;&nbsp;&nbsp;&nbsp;&nbsp;&nbsp;&nbsp;&nbsp;&nbsp;&nbsp;&nbsp;&nbsp;&nbsp;&nbsp;&nbsp;&nbsp;&nbsp;&nbsp;&nbsp;&nbsp;&nbsp;&nbsp;&nbsp;&nbsp;&nbsp;&nbsp;&nbsp;&nbsp;&nbsp;&nbsp;&nbsp;&nbsp;&nbsp;&nbsp;&nbsp;&nbsp;&nbsp;&nbsp;&nbsp;&nbsp;&nbsp;&nbsp;&nbsp;&nbsp;&nbsp;&nbsp;&nbsp;&nbsp;&nbsp;&nbsp;&nbsp;&nbsp;&nbsp;&nbsp;&nbsp;&nbsp;&nbsp;&nbsp;&nbsp;&nbsp;&nbsp;&nbsp;&nbsp;&nbsp;&nbsp;&nbsp;&nbsp;&nbsp;&nbsp;&nbsp;&nbsp;&nbsp;&nbsp;&nbsp;&nbsp;&nbsp;&nbsp;&nbsp;&nbsp;&nbsp;&nbsp;&nbsp;&nbsp;&nbsp;&nbsp;&nbsp;&nbsp;&nbsp;&nbsp;&nbsp;&nbsp;&nbsp;&nbsp;&nbsp;&nbsp;&nbsp;&nbsp;&nbsp;&nbsp;&nbsp;&nbsp;&nbsp;&nbsp;&nbsp;&nbsp;&nbsp;&nbsp;&nbsp;&nbsp;&nbsp;&nbsp;&nbsp;&nbsp;&nbsp;&nbsp;&nbsp;&nbsp;&nbsp;&nbsp;&nbsp;&nbsp;&nbsp;&nbsp;&nbsp;&nbsp;&nbsp;&nbsp;&nbsp;&nbsp;&nbsp;&nbsp;&nbsp;&nbsp;&nbsp;&nbsp;&nbsp;&nbsp;&nbsp;&nbsp;&nbsp;&nbsp;&nbsp;&nbsp;&nbsp;&nbsp;&nbsp;&nbsp;&nbsp;&nbsp;&nbsp;&nbsp;&nbsp;&nbsp;&nbsp;&nbsp;&nbsp;&nbsp;&nbsp;&nbsp;&nbsp;&nbsp;&nbsp;&nbsp;&nbsp;&nbsp;&nbsp;&nbsp;&nbsp;&nbsp;&nbsp;&nbsp;&nbsp;&nbsp;&nbsp;&nbsp;&nbsp;&nbsp;&nbsp;&nbsp;&nbsp;&nbsp;&nbsp;&nbsp;&nbsp;&nbsp;&nbsp;&nbsp;&nbsp;&nbsp;&nbsp;&nbsp;&nbsp;&nbsp;&nbsp;&nbsp;&nbsp;&nbsp;&nbsp;&nbsp;&nbsp;&nbsp;&nbsp;&nbsp;&nbsp;&nbsp;&nbsp;&nbsp;&nbsp;&nbsp;&nbsp;&nbsp;&nbsp;&nbsp;&nbsp; &nbsp; &nbsp; &nbsp; &nbsp; &nbsp; &nbsp; &nbsp; &nbsp; &nbsp; &nbsp; &nbsp; &nbsp; &nbsp; &nbsp; &nbsp;&nbsp; <strong>Ttd : Admin</strong></p>\n', '2015-06-04 14:02:22', 'Belum Dibaca'),
(8, 196211111990031002, 'Sasa', 'Unggah Laporan Kegiatan', '<h3><!--?php $this---><strong>Yth. Staff <em>Bidang Inkubasi dan Alih Teknologi</em>,</strong></h3>\n\n<h3><strong>di</strong></h3>\n\n<p><strong>&nbsp;&nbsp;&nbsp; Tempat</strong></p>\n\n<p>&nbsp;&nbsp;&nbsp;&nbsp; Admin menginformasikan bahwa pada saat ini sedang diadakan monitoring kegiatan Inkubasi dan Alih Teknologi. Dengan ini admin menyatakan, agar segera mengirimkan dokumen kegiatan terlampir melalui <em><strong>Sistem Monitoring Kegiatan Bidang Inkubasi dan Alih Teknologi</strong></em>.</p>\n\n<p>Kegiatan Pelaporan dilaksanakan pada tanggal : 17 Juni 2015 - 26 Juni 2015&nbsp;</p>\n\n<p>Dimohon tidak mengabaikan pesan ini.</p>\n\n<p>&nbsp;&nbsp;&nbsp; Atas perhatiannya, kami ucapkan terima kasih.</p>\n\n<p>&nbsp;&nbsp;&nbsp;&nbsp;&nbsp;&nbsp;&nbsp;&nbsp;&nbsp;&nbsp;&nbsp;&nbsp;&nbsp;&nbsp;&nbsp;&nbsp;&nbsp;&nbsp;&nbsp;&nbsp;&nbsp;&nbsp;&nbsp;&nbsp;&nbsp;&nbsp;&nbsp;&nbsp;&nbsp;&nbsp;&nbsp;&nbsp;&nbsp;&nbsp;&nbsp;&nbsp;&nbsp;&nbsp;&nbsp;&nbsp;&nbsp;&nbsp;&nbsp;&nbsp;&nbsp;&nbsp;&nbsp;&nbsp;&nbsp;&nbsp;&nbsp;&nbsp;&nbsp;&nbsp;&nbsp;&nbsp;&nbsp;&nbsp;&nbsp;&nbsp;&nbsp;&nbsp;&nbsp;&nbsp;&nbsp;&nbsp;&nbsp;&nbsp;&nbsp;&nbsp;&nbsp;&nbsp;&nbsp;&nbsp;&nbsp;&nbsp;&nbsp;&nbsp;&nbsp;&nbsp;&nbsp;&nbsp;&nbsp;&nbsp;&nbsp;&nbsp;&nbsp;&nbsp;&nbsp;&nbsp;&nbsp;&nbsp;&nbsp;&nbsp;&nbsp;&nbsp;&nbsp;&nbsp;&nbsp;&nbsp;&nbsp;&nbsp;&nbsp;&nbsp;&nbsp;&nbsp;&nbsp;&nbsp;&nbsp;&nbsp;&nbsp;&nbsp;&nbsp;&nbsp;&nbsp;&nbsp;&nbsp;&nbsp;&nbsp;&nbsp;&nbsp;&nbsp;&nbsp;&nbsp;&nbsp;&nbsp;&nbsp;&nbsp;&nbsp;&nbsp;&nbsp;&nbsp;&nbsp;&nbsp;&nbsp;&nbsp;&nbsp;&nbsp;&nbsp;&nbsp;&nbsp;&nbsp;&nbsp;&nbsp;&nbsp;&nbsp;&nbsp;&nbsp;&nbsp;&nbsp;&nbsp;&nbsp;&nbsp;&nbsp;&nbsp;&nbsp;&nbsp;&nbsp;&nbsp;&nbsp;&nbsp;&nbsp;&nbsp;&nbsp;&nbsp;&nbsp;&nbsp;&nbsp;&nbsp;&nbsp;&nbsp;&nbsp;&nbsp;&nbsp;&nbsp;&nbsp;&nbsp;&nbsp;&nbsp;&nbsp;&nbsp;&nbsp;&nbsp;&nbsp;&nbsp;&nbsp;&nbsp;&nbsp;&nbsp;&nbsp;&nbsp;&nbsp;&nbsp;&nbsp;&nbsp;&nbsp;&nbsp;&nbsp;&nbsp;&nbsp;&nbsp;&nbsp;&nbsp;&nbsp;&nbsp;&nbsp;&nbsp;&nbsp;&nbsp;&nbsp;&nbsp;&nbsp;&nbsp;&nbsp;&nbsp;&nbsp;&nbsp;&nbsp;&nbsp;&nbsp;&nbsp;&nbsp; &nbsp; &nbsp; &nbsp; &nbsp; &nbsp; &nbsp; &nbsp; &nbsp; &nbsp; &nbsp; &nbsp; &nbsp; &nbsp; &nbsp; &nbsp;&nbsp; <strong>Ttd : Admin</strong></p>\n', '2015-06-04 22:08:26', 'Belum Dibaca'),
(9, 198101012009121003, 'Sasa', 'Unggah Laporan Kegiatan', '<h3><!--?php $this---><strong>Yth. Staff <em>Bidang Inkubasi dan Alih Teknologi</em>,</strong></h3>\n\n<h3><strong>di</strong></h3>\n\n<p><strong>&nbsp;&nbsp;&nbsp; Tempat</strong></p>\n\n<p>&nbsp;&nbsp;&nbsp;&nbsp; Admin menginformasikan bahwa pada saat ini sedang diadakan monitoring kegiatan Inkubasi dan Alih Teknologi. Dengan ini admin menyatakan, agar segera mengirimkan dokumen kegiatan terlampir melalui <em><strong>Sistem Monitoring Kegiatan Bidang Inkubasi dan Alih Teknologi</strong></em>.</p>\n\n<p>Kegiatan Pelaporan dilaksanakan pada tanggal : 17 Juni 2015 - 26 Juni 2015&nbsp;</p>\n\n<p>Dimohon tidak mengabaikan pesan ini.</p>\n\n<p>&nbsp;&nbsp;&nbsp; Atas perhatiannya, kami ucapkan terima kasih.</p>\n\n<p>&nbsp;&nbsp;&nbsp;&nbsp;&nbsp;&nbsp;&nbsp;&nbsp;&nbsp;&nbsp;&nbsp;&nbsp;&nbsp;&nbsp;&nbsp;&nbsp;&nbsp;&nbsp;&nbsp;&nbsp;&nbsp;&nbsp;&nbsp;&nbsp;&nbsp;&nbsp;&nbsp;&nbsp;&nbsp;&nbsp;&nbsp;&nbsp;&nbsp;&nbsp;&nbsp;&nbsp;&nbsp;&nbsp;&nbsp;&nbsp;&nbsp;&nbsp;&nbsp;&nbsp;&nbsp;&nbsp;&nbsp;&nbsp;&nbsp;&nbsp;&nbsp;&nbsp;&nbsp;&nbsp;&nbsp;&nbsp;&nbsp;&nbsp;&nbsp;&nbsp;&nbsp;&nbsp;&nbsp;&nbsp;&nbsp;&nbsp;&nbsp;&nbsp;&nbsp;&nbsp;&nbsp;&nbsp;&nbsp;&nbsp;&nbsp;&nbsp;&nbsp;&nbsp;&nbsp;&nbsp;&nbsp;&nbsp;&nbsp;&nbsp;&nbsp;&nbsp;&nbsp;&nbsp;&nbsp;&nbsp;&nbsp;&nbsp;&nbsp;&nbsp;&nbsp;&nbsp;&nbsp;&nbsp;&nbsp;&nbsp;&nbsp;&nbsp;&nbsp;&nbsp;&nbsp;&nbsp;&nbsp;&nbsp;&nbsp;&nbsp;&nbsp;&nbsp;&nbsp;&nbsp;&nbsp;&nbsp;&nbsp;&nbsp;&nbsp;&nbsp;&nbsp;&nbsp;&nbsp;&nbsp;&nbsp;&nbsp;&nbsp;&nbsp;&nbsp;&nbsp;&nbsp;&nbsp;&nbsp;&nbsp;&nbsp;&nbsp;&nbsp;&nbsp;&nbsp;&nbsp;&nbsp;&nbsp;&nbsp;&nbsp;&nbsp;&nbsp;&nbsp;&nbsp;&nbsp;&nbsp;&nbsp;&nbsp;&nbsp;&nbsp;&nbsp;&nbsp;&nbsp;&nbsp;&nbsp;&nbsp;&nbsp;&nbsp;&nbsp;&nbsp;&nbsp;&nbsp;&nbsp;&nbsp;&nbsp;&nbsp;&nbsp;&nbsp;&nbsp;&nbsp;&nbsp;&nbsp;&nbsp;&nbsp;&nbsp;&nbsp;&nbsp;&nbsp;&nbsp;&nbsp;&nbsp;&nbsp;&nbsp;&nbsp;&nbsp;&nbsp;&nbsp;&nbsp;&nbsp;&nbsp;&nbsp;&nbsp;&nbsp;&nbsp;&nbsp;&nbsp;&nbsp;&nbsp;&nbsp;&nbsp;&nbsp;&nbsp;&nbsp;&nbsp;&nbsp;&nbsp;&nbsp;&nbsp;&nbsp;&nbsp;&nbsp;&nbsp;&nbsp;&nbsp;&nbsp;&nbsp;&nbsp;&nbsp; &nbsp; &nbsp; &nbsp; &nbsp; &nbsp; &nbsp; &nbsp; &nbsp; &nbsp; &nbsp; &nbsp; &nbsp; &nbsp; &nbsp; &nbsp;&nbsp; <strong>Ttd : Admin</strong></p>\n', '2015-06-04 22:08:26', 'Dibaca'),
(10, 198401172008121001, 'Sasa', 'Unggah Laporan Kegiatan', '<h3><!--?php $this---><strong>Yth. Staff <em>Bidang Inkubasi dan Alih Teknologi</em>,</strong></h3>\n\n<h3><strong>di</strong></h3>\n\n<p><strong>&nbsp;&nbsp;&nbsp; Tempat</strong></p>\n\n<p>&nbsp;&nbsp;&nbsp;&nbsp; Admin menginformasikan bahwa pada saat ini sedang diadakan monitoring kegiatan Inkubasi dan Alih Teknologi. Dengan ini admin menyatakan, agar segera mengirimkan dokumen kegiatan terlampir melalui <em><strong>Sistem Monitoring Kegiatan Bidang Inkubasi dan Alih Teknologi</strong></em>.</p>\n\n<p>Kegiatan Pelaporan dilaksanakan pada tanggal : 17 Juni 2015 - 26 Juni 2015&nbsp;</p>\n\n<p>Dimohon tidak mengabaikan pesan ini.</p>\n\n<p>&nbsp;&nbsp;&nbsp; Atas perhatiannya, kami ucapkan terima kasih.</p>\n\n<p>&nbsp;&nbsp;&nbsp;&nbsp;&nbsp;&nbsp;&nbsp;&nbsp;&nbsp;&nbsp;&nbsp;&nbsp;&nbsp;&nbsp;&nbsp;&nbsp;&nbsp;&nbsp;&nbsp;&nbsp;&nbsp;&nbsp;&nbsp;&nbsp;&nbsp;&nbsp;&nbsp;&nbsp;&nbsp;&nbsp;&nbsp;&nbsp;&nbsp;&nbsp;&nbsp;&nbsp;&nbsp;&nbsp;&nbsp;&nbsp;&nbsp;&nbsp;&nbsp;&nbsp;&nbsp;&nbsp;&nbsp;&nbsp;&nbsp;&nbsp;&nbsp;&nbsp;&nbsp;&nbsp;&nbsp;&nbsp;&nbsp;&nbsp;&nbsp;&nbsp;&nbsp;&nbsp;&nbsp;&nbsp;&nbsp;&nbsp;&nbsp;&nbsp;&nbsp;&nbsp;&nbsp;&nbsp;&nbsp;&nbsp;&nbsp;&nbsp;&nbsp;&nbsp;&nbsp;&nbsp;&nbsp;&nbsp;&nbsp;&nbsp;&nbsp;&nbsp;&nbsp;&nbsp;&nbsp;&nbsp;&nbsp;&nbsp;&nbsp;&nbsp;&nbsp;&nbsp;&nbsp;&nbsp;&nbsp;&nbsp;&nbsp;&nbsp;&nbsp;&nbsp;&nbsp;&nbsp;&nbsp;&nbsp;&nbsp;&nbsp;&nbsp;&nbsp;&nbsp;&nbsp;&nbsp;&nbsp;&nbsp;&nbsp;&nbsp;&nbsp;&nbsp;&nbsp;&nbsp;&nbsp;&nbsp;&nbsp;&nbsp;&nbsp;&nbsp;&nbsp;&nbsp;&nbsp;&nbsp;&nbsp;&nbsp;&nbsp;&nbsp;&nbsp;&nbsp;&nbsp;&nbsp;&nbsp;&nbsp;&nbsp;&nbsp;&nbsp;&nbsp;&nbsp;&nbsp;&nbsp;&nbsp;&nbsp;&nbsp;&nbsp;&nbsp;&nbsp;&nbsp;&nbsp;&nbsp;&nbsp;&nbsp;&nbsp;&nbsp;&nbsp;&nbsp;&nbsp;&nbsp;&nbsp;&nbsp;&nbsp;&nbsp;&nbsp;&nbsp;&nbsp;&nbsp;&nbsp;&nbsp;&nbsp;&nbsp;&nbsp;&nbsp;&nbsp;&nbsp;&nbsp;&nbsp;&nbsp;&nbsp;&nbsp;&nbsp;&nbsp;&nbsp;&nbsp;&nbsp;&nbsp;&nbsp;&nbsp;&nbsp;&nbsp;&nbsp;&nbsp;&nbsp;&nbsp;&nbsp;&nbsp;&nbsp;&nbsp;&nbsp;&nbsp;&nbsp;&nbsp;&nbsp;&nbsp;&nbsp;&nbsp;&nbsp;&nbsp;&nbsp;&nbsp;&nbsp;&nbsp;&nbsp;&nbsp; &nbsp; &nbsp; &nbsp; &nbsp; &nbsp; &nbsp; &nbsp; &nbsp; &nbsp; &nbsp; &nbsp; &nbsp; &nbsp; &nbsp; &nbsp;&nbsp; <strong>Ttd : Admin</strong></p>\n', '2015-06-04 22:08:27', 'Belum Dibaca'),
(11, 198506042014012001, 'Sasa', 'Unggah Laporan Kegiatan', '<h3><!--?php $this---><strong>Yth. Staff <em>Bidang Inkubasi dan Alih Teknologi</em>,</strong></h3>\n\n<h3><strong>di</strong></h3>\n\n<p><strong>&nbsp;&nbsp;&nbsp; Tempat</strong></p>\n\n<p>&nbsp;&nbsp;&nbsp;&nbsp; Admin menginformasikan bahwa pada saat ini sedang diadakan monitoring kegiatan Inkubasi dan Alih Teknologi. Dengan ini admin menyatakan, agar segera mengirimkan dokumen kegiatan terlampir melalui <em><strong>Sistem Monitoring Kegiatan Bidang Inkubasi dan Alih Teknologi</strong></em>.</p>\n\n<p>Kegiatan Pelaporan dilaksanakan pada tanggal : 17 Juni 2015 - 26 Juni 2015&nbsp;</p>\n\n<p>Dimohon tidak mengabaikan pesan ini.</p>\n\n<p>&nbsp;&nbsp;&nbsp; Atas perhatiannya, kami ucapkan terima kasih.</p>\n\n<p>&nbsp;&nbsp;&nbsp;&nbsp;&nbsp;&nbsp;&nbsp;&nbsp;&nbsp;&nbsp;&nbsp;&nbsp;&nbsp;&nbsp;&nbsp;&nbsp;&nbsp;&nbsp;&nbsp;&nbsp;&nbsp;&nbsp;&nbsp;&nbsp;&nbsp;&nbsp;&nbsp;&nbsp;&nbsp;&nbsp;&nbsp;&nbsp;&nbsp;&nbsp;&nbsp;&nbsp;&nbsp;&nbsp;&nbsp;&nbsp;&nbsp;&nbsp;&nbsp;&nbsp;&nbsp;&nbsp;&nbsp;&nbsp;&nbsp;&nbsp;&nbsp;&nbsp;&nbsp;&nbsp;&nbsp;&nbsp;&nbsp;&nbsp;&nbsp;&nbsp;&nbsp;&nbsp;&nbsp;&nbsp;&nbsp;&nbsp;&nbsp;&nbsp;&nbsp;&nbsp;&nbsp;&nbsp;&nbsp;&nbsp;&nbsp;&nbsp;&nbsp;&nbsp;&nbsp;&nbsp;&nbsp;&nbsp;&nbsp;&nbsp;&nbsp;&nbsp;&nbsp;&nbsp;&nbsp;&nbsp;&nbsp;&nbsp;&nbsp;&nbsp;&nbsp;&nbsp;&nbsp;&nbsp;&nbsp;&nbsp;&nbsp;&nbsp;&nbsp;&nbsp;&nbsp;&nbsp;&nbsp;&nbsp;&nbsp;&nbsp;&nbsp;&nbsp;&nbsp;&nbsp;&nbsp;&nbsp;&nbsp;&nbsp;&nbsp;&nbsp;&nbsp;&nbsp;&nbsp;&nbsp;&nbsp;&nbsp;&nbsp;&nbsp;&nbsp;&nbsp;&nbsp;&nbsp;&nbsp;&nbsp;&nbsp;&nbsp;&nbsp;&nbsp;&nbsp;&nbsp;&nbsp;&nbsp;&nbsp;&nbsp;&nbsp;&nbsp;&nbsp;&nbsp;&nbsp;&nbsp;&nbsp;&nbsp;&nbsp;&nbsp;&nbsp;&nbsp;&nbsp;&nbsp;&nbsp;&nbsp;&nbsp;&nbsp;&nbsp;&nbsp;&nbsp;&nbsp;&nbsp;&nbsp;&nbsp;&nbsp;&nbsp;&nbsp;&nbsp;&nbsp;&nbsp;&nbsp;&nbsp;&nbsp;&nbsp;&nbsp;&nbsp;&nbsp;&nbsp;&nbsp;&nbsp;&nbsp;&nbsp;&nbsp;&nbsp;&nbsp;&nbsp;&nbsp;&nbsp;&nbsp;&nbsp;&nbsp;&nbsp;&nbsp;&nbsp;&nbsp;&nbsp;&nbsp;&nbsp;&nbsp;&nbsp;&nbsp;&nbsp;&nbsp;&nbsp;&nbsp;&nbsp;&nbsp;&nbsp;&nbsp;&nbsp;&nbsp;&nbsp;&nbsp;&nbsp;&nbsp;&nbsp;&nbsp; &nbsp; &nbsp; &nbsp; &nbsp; &nbsp; &nbsp; &nbsp; &nbsp; &nbsp; &nbsp; &nbsp; &nbsp; &nbsp; &nbsp; &nbsp;&nbsp; <strong>Ttd : Admin</strong></p>\n', '2015-06-04 22:08:27', 'Dibaca'),
(12, 197503082002121004, 'Adi', 'Konfirmasi Laporan', 'Baik akan saya laksanakan', '2015-06-04 22:32:24', 'Dibaca'),
(13, 196211111990031002, 'Sasa', 'Segera Kirimkan Laporan N', '<h3><!--?php $this---><strong>Yth. Staff <em>Bidang Inkubasi dan Alih Teknologi</em>,</strong></h3>\n\n<h3><strong>di</strong></h3>\n\n<p><strong>&nbsp;&nbsp;&nbsp; Tempat</strong></p>\n\n<p>&nbsp;&nbsp;&nbsp;&nbsp; Admin menginformasikan bahwa pada saat ini sedang diadakan monitoring kegiatan Inkubasi dan Alih Teknologi. Dengan ini admin menyatakan, agar segera mengirimkan dokumen kegiatan terlampir melalui <em><strong>Sistem Monitoring Kegiatan Bidang Inkubasi dan Alih Teknologi</strong></em>.</p>\n\n<p>Kegiatan Pelaporan dilaksanakan pada tanggal : 18 April 2015 - 27 April 2015&nbsp;</p>\n\n<p>Dimohon tidak mengabaikan pesan ini.</p>\n\n<p>&nbsp;&nbsp;&nbsp; Atas perhatiannya, kami ucapkan terima kasih.</p>\n\n<p>&nbsp;&nbsp;&nbsp;&nbsp;&nbsp;&nbsp;&nbsp;&nbsp;&nbsp;&nbsp;&nbsp;&nbsp;&nbsp;&nbsp;&nbsp;&nbsp;&nbsp;&nbsp;&nbsp;&nbsp;&nbsp;&nbsp;&nbsp;&nbsp;&nbsp;&nbsp;&nbsp;&nbsp;&nbsp;&nbsp;&nbsp;&nbsp;&nbsp;&nbsp;&nbsp;&nbsp;&nbsp;&nbsp;&nbsp;&nbsp;&nbsp;&nbsp;&nbsp;&nbsp;&nbsp;&nbsp;&nbsp;&nbsp;&nbsp;&nbsp;&nbsp;&nbsp;&nbsp;&nbsp;&nbsp;&nbsp;&nbsp;&nbsp;&nbsp;&nbsp;&nbsp;&nbsp;&nbsp;&nbsp;&nbsp;&nbsp;&nbsp;&nbsp;&nbsp;&nbsp;&nbsp;&nbsp;&nbsp;&nbsp;&nbsp;&nbsp;&nbsp;&nbsp;&nbsp;&nbsp;&nbsp;&nbsp;&nbsp;&nbsp;&nbsp;&nbsp;&nbsp;&nbsp;&nbsp;&nbsp;&nbsp;&nbsp;&nbsp;&nbsp;&nbsp;&nbsp;&nbsp;&nbsp;&nbsp;&nbsp;&nbsp;&nbsp;&nbsp;&nbsp;&nbsp;&nbsp;&nbsp;&nbsp;&nbsp;&nbsp;&nbsp;&nbsp;&nbsp;&nbsp;&nbsp;&nbsp;&nbsp;&nbsp;&nbsp;&nbsp;&nbsp;&nbsp;&nbsp;&nbsp;&nbsp;&nbsp;&nbsp;&nbsp;&nbsp;&nbsp;&nbsp;&nbsp;&nbsp;&nbsp;&nbsp;&nbsp;&nbsp;&nbsp;&nbsp;&nbsp;&nbsp;&nbsp;&nbsp;&nbsp;&nbsp;&nbsp;&nbsp;&nbsp;&nbsp;&nbsp;&nbsp;&nbsp;&nbsp;&nbsp;&nbsp;&nbsp;&nbsp;&nbsp;&nbsp;&nbsp;&nbsp;&nbsp;&nbsp;&nbsp;&nbsp;&nbsp;&nbsp;&nbsp;&nbsp;&nbsp;&nbsp;&nbsp;&nbsp;&nbsp;&nbsp;&nbsp;&nbsp;&nbsp;&nbsp;&nbsp;&nbsp;&nbsp;&nbsp;&nbsp;&nbsp;&nbsp;&nbsp;&nbsp;&nbsp;&nbsp;&nbsp;&nbsp;&nbsp;&nbsp;&nbsp;&nbsp;&nbsp;&nbsp;&nbsp;&nbsp;&nbsp;&nbsp;&nbsp;&nbsp;&nbsp;&nbsp;&nbsp;&nbsp;&nbsp;&nbsp;&nbsp;&nbsp;&nbsp;&nbsp;&nbsp;&nbsp;&nbsp;&nbsp;&nbsp;&nbsp;&nbsp;&nbsp; &nbsp; &nbsp; &nbsp; &nbsp; &nbsp; &nbsp; &nbsp; &nbsp; &nbsp; &nbsp; &nbsp; &nbsp; &nbsp; &nbsp; &nbsp;&nbsp; <strong>Ttd : Admin</strong></p>\n', '2015-06-05 05:41:21', 'Belum Dibaca'),
(14, 198506042014012001, 'Sasa', 'Segera Kirimkan Laporan N', '<h3><!--?php $this---><strong>Yth. Staff <em>Bidang Inkubasi dan Alih Teknologi</em>,</strong></h3>\n\n<h3><strong>di</strong></h3>\n\n<p><strong>&nbsp;&nbsp;&nbsp; Tempat</strong></p>\n\n<p>&nbsp;&nbsp;&nbsp;&nbsp; Admin menginformasikan bahwa pada saat ini sedang diadakan monitoring kegiatan Inkubasi dan Alih Teknologi. Dengan ini admin menyatakan, agar segera mengirimkan dokumen kegiatan terlampir melalui <em><strong>Sistem Monitoring Kegiatan Bidang Inkubasi dan Alih Teknologi</strong></em>.</p>\n\n<p>Kegiatan Pelaporan dilaksanakan pada tanggal : 18 April 2015 - 27 April 2015&nbsp;</p>\n\n<p>Dimohon tidak mengabaikan pesan ini.</p>\n\n<p>&nbsp;&nbsp;&nbsp; Atas perhatiannya, kami ucapkan terima kasih.</p>\n\n<p>&nbsp;&nbsp;&nbsp;&nbsp;&nbsp;&nbsp;&nbsp;&nbsp;&nbsp;&nbsp;&nbsp;&nbsp;&nbsp;&nbsp;&nbsp;&nbsp;&nbsp;&nbsp;&nbsp;&nbsp;&nbsp;&nbsp;&nbsp;&nbsp;&nbsp;&nbsp;&nbsp;&nbsp;&nbsp;&nbsp;&nbsp;&nbsp;&nbsp;&nbsp;&nbsp;&nbsp;&nbsp;&nbsp;&nbsp;&nbsp;&nbsp;&nbsp;&nbsp;&nbsp;&nbsp;&nbsp;&nbsp;&nbsp;&nbsp;&nbsp;&nbsp;&nbsp;&nbsp;&nbsp;&nbsp;&nbsp;&nbsp;&nbsp;&nbsp;&nbsp;&nbsp;&nbsp;&nbsp;&nbsp;&nbsp;&nbsp;&nbsp;&nbsp;&nbsp;&nbsp;&nbsp;&nbsp;&nbsp;&nbsp;&nbsp;&nbsp;&nbsp;&nbsp;&nbsp;&nbsp;&nbsp;&nbsp;&nbsp;&nbsp;&nbsp;&nbsp;&nbsp;&nbsp;&nbsp;&nbsp;&nbsp;&nbsp;&nbsp;&nbsp;&nbsp;&nbsp;&nbsp;&nbsp;&nbsp;&nbsp;&nbsp;&nbsp;&nbsp;&nbsp;&nbsp;&nbsp;&nbsp;&nbsp;&nbsp;&nbsp;&nbsp;&nbsp;&nbsp;&nbsp;&nbsp;&nbsp;&nbsp;&nbsp;&nbsp;&nbsp;&nbsp;&nbsp;&nbsp;&nbsp;&nbsp;&nbsp;&nbsp;&nbsp;&nbsp;&nbsp;&nbsp;&nbsp;&nbsp;&nbsp;&nbsp;&nbsp;&nbsp;&nbsp;&nbsp;&nbsp;&nbsp;&nbsp;&nbsp;&nbsp;&nbsp;&nbsp;&nbsp;&nbsp;&nbsp;&nbsp;&nbsp;&nbsp;&nbsp;&nbsp;&nbsp;&nbsp;&nbsp;&nbsp;&nbsp;&nbsp;&nbsp;&nbsp;&nbsp;&nbsp;&nbsp;&nbsp;&nbsp;&nbsp;&nbsp;&nbsp;&nbsp;&nbsp;&nbsp;&nbsp;&nbsp;&nbsp;&nbsp;&nbsp;&nbsp;&nbsp;&nbsp;&nbsp;&nbsp;&nbsp;&nbsp;&nbsp;&nbsp;&nbsp;&nbsp;&nbsp;&nbsp;&nbsp;&nbsp;&nbsp;&nbsp;&nbsp;&nbsp;&nbsp;&nbsp;&nbsp;&nbsp;&nbsp;&nbsp;&nbsp;&nbsp;&nbsp;&nbsp;&nbsp;&nbsp;&nbsp;&nbsp;&nbsp;&nbsp;&nbsp;&nbsp;&nbsp;&nbsp;&nbsp;&nbsp;&nbsp;&nbsp;&nbsp; &nbsp; &nbsp; &nbsp; &nbsp; &nbsp; &nbsp; &nbsp; &nbsp; &nbsp; &nbsp; &nbsp; &nbsp; &nbsp; &nbsp; &nbsp;&nbsp; <strong>Ttd : Admin</strong></p>\n', '2015-06-05 05:41:22', 'Dibaca'),
(15, 196211111990031002, 'Sasa', 'Mengirimkan Laporan Kegia', '<h3><!--?php $this---><strong>Yth. Staff <em>Bidang Inkubasi dan Alih Teknologi</em>,</strong></h3>\n\n<h3><strong>di</strong></h3>\n\n<p><strong>&nbsp;&nbsp;&nbsp; Tempat</strong></p>\n\n<p>&nbsp;&nbsp;&nbsp;&nbsp; Admin menginformasikan bahwa pada saat ini sedang diadakan monitoring kegiatan Inkubasi dan Alih Teknologi. Dengan ini admin menyatakan, agar segera mengirimkan dokumen kegiatan terlampir melalui <em><strong>Sistem Monitoring Kegiatan Bidang Inkubasi dan Alih Teknologi</strong></em>.</p>\n\n<p>Kegiatan Pelaporan dilaksanakan pada tanggal : 18 April 2015 - 27 April 2015&nbsp;</p>\n\n<p>Dimohon tidak mengabaikan pesan ini.</p>\n\n<p>&nbsp;&nbsp;&nbsp; Atas perhatiannya, kami ucapkan terima kasih.</p>\n\n<p>&nbsp;&nbsp;&nbsp;&nbsp;&nbsp;&nbsp;&nbsp;&nbsp;&nbsp;&nbsp;&nbsp;&nbsp;&nbsp;&nbsp;&nbsp;&nbsp;&nbsp;&nbsp;&nbsp;&nbsp;&nbsp;&nbsp;&nbsp;&nbsp;&nbsp;&nbsp;&nbsp;&nbsp;&nbsp;&nbsp;&nbsp;&nbsp;&nbsp;&nbsp;&nbsp;&nbsp;&nbsp;&nbsp;&nbsp;&nbsp;&nbsp;&nbsp;&nbsp;&nbsp;&nbsp;&nbsp;&nbsp;&nbsp;&nbsp;&nbsp;&nbsp;&nbsp;&nbsp;&nbsp;&nbsp;&nbsp;&nbsp;&nbsp;&nbsp;&nbsp;&nbsp;&nbsp;&nbsp;&nbsp;&nbsp;&nbsp;&nbsp;&nbsp;&nbsp;&nbsp;&nbsp;&nbsp;&nbsp;&nbsp;&nbsp;&nbsp;&nbsp;&nbsp;&nbsp;&nbsp;&nbsp;&nbsp;&nbsp;&nbsp;&nbsp;&nbsp;&nbsp;&nbsp;&nbsp;&nbsp;&nbsp;&nbsp;&nbsp;&nbsp;&nbsp;&nbsp;&nbsp;&nbsp;&nbsp;&nbsp;&nbsp;&nbsp;&nbsp;&nbsp;&nbsp;&nbsp;&nbsp;&nbsp;&nbsp;&nbsp;&nbsp;&nbsp;&nbsp;&nbsp;&nbsp;&nbsp;&nbsp;&nbsp;&nbsp;&nbsp;&nbsp;&nbsp;&nbsp;&nbsp;&nbsp;&nbsp;&nbsp;&nbsp;&nbsp;&nbsp;&nbsp;&nbsp;&nbsp;&nbsp;&nbsp;&nbsp;&nbsp;&nbsp;&nbsp;&nbsp;&nbsp;&nbsp;&nbsp;&nbsp;&nbsp;&nbsp;&nbsp;&nbsp;&nbsp;&nbsp;&nbsp;&nbsp;&nbsp;&nbsp;&nbsp;&nbsp;&nbsp;&nbsp;&nbsp;&nbsp;&nbsp;&nbsp;&nbsp;&nbsp;&nbsp;&nbsp;&nbsp;&nbsp;&nbsp;&nbsp;&nbsp;&nbsp;&nbsp;&nbsp;&nbsp;&nbsp;&nbsp;&nbsp;&nbsp;&nbsp;&nbsp;&nbsp;&nbsp;&nbsp;&nbsp;&nbsp;&nbsp;&nbsp;&nbsp;&nbsp;&nbsp;&nbsp;&nbsp;&nbsp;&nbsp;&nbsp;&nbsp;&nbsp;&nbsp;&nbsp;&nbsp;&nbsp;&nbsp;&nbsp;&nbsp;&nbsp;&nbsp;&nbsp;&nbsp;&nbsp;&nbsp;&nbsp;&nbsp;&nbsp;&nbsp;&nbsp;&nbsp;&nbsp;&nbsp;&nbsp;&nbsp;&nbsp; &nbsp; &nbsp; &nbsp; &nbsp; &nbsp; &nbsp; &nbsp; &nbsp; &nbsp; &nbsp; &nbsp; &nbsp; &nbsp; &nbsp; &nbsp;&nbsp; <strong>Ttd : Admin</strong></p>\n', '2015-06-05 05:44:57', 'Belum Dibaca'),
(16, 197503082002121004, 'Elfira', 'Laporan Saya', 'Saya sudah mengirimkan dokumen notulensi rapat pak..', '2015-06-05 06:15:17', 'Belum Dibaca'),
(17, 196211111990031002, 'Aris', 'Pelaporan', 'Saya sudah mengirimkan dokumen yang bapak minta . terima kasih', '2015-06-05 06:23:09', 'Belum Dibaca'),
(18, 196211111990031002, 'Sasa', 'Pengiriman Dokumen Kegiat', '<h3><!--?php $this---><strong>Yth. Staff <em>Bidang Inkubasi dan Alih Teknologi</em>,</strong></h3>\n\n<h3><strong>di</strong></h3>\n\n<p><strong>&nbsp;&nbsp;&nbsp; Tempat</strong></p>\n\n<p>&nbsp;&nbsp;&nbsp;&nbsp; Admin menginformasikan bahwa pada saat ini sedang diadakan monitoring kegiatan Inkubasi dan Alih Teknologi. Dengan ini admin menyatakan, agar segera mengirimkan dokumen kegiatan terlampir melalui <em><strong>Sistem Monitoring Kegiatan Bidang Inkubasi dan Alih Teknologi</strong></em>.</p>\n\n<p>Kegiatan Pelaporan dilaksanakan pada tanggal : 18 April 2015 - 27 April 2015&nbsp;</p>\n\n<p>Dimohon tidak mengabaikan pesan ini.</p>\n\n<p>&nbsp;&nbsp;&nbsp; Atas perhatiannya, kami ucapkan terima kasih.</p>\n\n<p>&nbsp;&nbsp;&nbsp;&nbsp;&nbsp;&nbsp;&nbsp;&nbsp;&nbsp;&nbsp;&nbsp;&nbsp;&nbsp;&nbsp;&nbsp;&nbsp;&nbsp;&nbsp;&nbsp;&nbsp;&nbsp;&nbsp;&nbsp;&nbsp;&nbsp;&nbsp;&nbsp;&nbsp;&nbsp;&nbsp;&nbsp;&nbsp;&nbsp;&nbsp;&nbsp;&nbsp;&nbsp;&nbsp;&nbsp;&nbsp;&nbsp;&nbsp;&nbsp;&nbsp;&nbsp;&nbsp;&nbsp;&nbsp;&nbsp;&nbsp;&nbsp;&nbsp;&nbsp;&nbsp;&nbsp;&nbsp;&nbsp;&nbsp;&nbsp;&nbsp;&nbsp;&nbsp;&nbsp;&nbsp;&nbsp;&nbsp;&nbsp;&nbsp;&nbsp;&nbsp;&nbsp;&nbsp;&nbsp;&nbsp;&nbsp;&nbsp;&nbsp;&nbsp;&nbsp;&nbsp;&nbsp;&nbsp;&nbsp;&nbsp;&nbsp;&nbsp;&nbsp;&nbsp;&nbsp;&nbsp;&nbsp;&nbsp;&nbsp;&nbsp;&nbsp;&nbsp;&nbsp;&nbsp;&nbsp;&nbsp;&nbsp;&nbsp;&nbsp;&nbsp;&nbsp;&nbsp;&nbsp;&nbsp;&nbsp;&nbsp;&nbsp;&nbsp;&nbsp;&nbsp;&nbsp;&nbsp;&nbsp;&nbsp;&nbsp;&nbsp;&nbsp;&nbsp;&nbsp;&nbsp;&nbsp;&nbsp;&nbsp;&nbsp;&nbsp;&nbsp;&nbsp;&nbsp;&nbsp;&nbsp;&nbsp;&nbsp;&nbsp;&nbsp;&nbsp;&nbsp;&nbsp;&nbsp;&nbsp;&nbsp;&nbsp;&nbsp;&nbsp;&nbsp;&nbsp;&nbsp;&nbsp;&nbsp;&nbsp;&nbsp;&nbsp;&nbsp;&nbsp;&nbsp;&nbsp;&nbsp;&nbsp;&nbsp;&nbsp;&nbsp;&nbsp;&nbsp;&nbsp;&nbsp;&nbsp;&nbsp;&nbsp;&nbsp;&nbsp;&nbsp;&nbsp;&nbsp;&nbsp;&nbsp;&nbsp;&nbsp;&nbsp;&nbsp;&nbsp;&nbsp;&nbsp;&nbsp;&nbsp;&nbsp;&nbsp;&nbsp;&nbsp;&nbsp;&nbsp;&nbsp;&nbsp;&nbsp;&nbsp;&nbsp;&nbsp;&nbsp;&nbsp;&nbsp;&nbsp;&nbsp;&nbsp;&nbsp;&nbsp;&nbsp;&nbsp;&nbsp;&nbsp;&nbsp;&nbsp;&nbsp;&nbsp;&nbsp;&nbsp;&nbsp;&nbsp;&nbsp;&nbsp;&nbsp; &nbsp; &nbsp; &nbsp; &nbsp; &nbsp; &nbsp; &nbsp; &nbsp; &nbsp; &nbsp; &nbsp; &nbsp; &nbsp; &nbsp; &nbsp;&nbsp; <strong>Ttd : Admin</strong></p>\n', '2015-06-05 06:39:29', 'Belum Dibaca'),
(19, 198101012009121003, 'Sasa', 'Pengiriman Dokumen Kegiat', '<h3><!--?php $this---><strong>Yth. Staff <em>Bidang Inkubasi dan Alih Teknologi</em>,</strong></h3>\n\n<h3><strong>di</strong></h3>\n\n<p><strong>&nbsp;&nbsp;&nbsp; Tempat</strong></p>\n\n<p>&nbsp;&nbsp;&nbsp;&nbsp; Admin menginformasikan bahwa pada saat ini sedang diadakan monitoring kegiatan Inkubasi dan Alih Teknologi. Dengan ini admin menyatakan, agar segera mengirimkan dokumen kegiatan terlampir melalui <em><strong>Sistem Monitoring Kegiatan Bidang Inkubasi dan Alih Teknologi</strong></em>.</p>\n\n<p>Kegiatan Pelaporan dilaksanakan pada tanggal : 18 April 2015 - 27 April 2015&nbsp;</p>\n\n<p>Dimohon tidak mengabaikan pesan ini.</p>\n\n<p>&nbsp;&nbsp;&nbsp; Atas perhatiannya, kami ucapkan terima kasih.</p>\n\n<p>&nbsp;&nbsp;&nbsp;&nbsp;&nbsp;&nbsp;&nbsp;&nbsp;&nbsp;&nbsp;&nbsp;&nbsp;&nbsp;&nbsp;&nbsp;&nbsp;&nbsp;&nbsp;&nbsp;&nbsp;&nbsp;&nbsp;&nbsp;&nbsp;&nbsp;&nbsp;&nbsp;&nbsp;&nbsp;&nbsp;&nbsp;&nbsp;&nbsp;&nbsp;&nbsp;&nbsp;&nbsp;&nbsp;&nbsp;&nbsp;&nbsp;&nbsp;&nbsp;&nbsp;&nbsp;&nbsp;&nbsp;&nbsp;&nbsp;&nbsp;&nbsp;&nbsp;&nbsp;&nbsp;&nbsp;&nbsp;&nbsp;&nbsp;&nbsp;&nbsp;&nbsp;&nbsp;&nbsp;&nbsp;&nbsp;&nbsp;&nbsp;&nbsp;&nbsp;&nbsp;&nbsp;&nbsp;&nbsp;&nbsp;&nbsp;&nbsp;&nbsp;&nbsp;&nbsp;&nbsp;&nbsp;&nbsp;&nbsp;&nbsp;&nbsp;&nbsp;&nbsp;&nbsp;&nbsp;&nbsp;&nbsp;&nbsp;&nbsp;&nbsp;&nbsp;&nbsp;&nbsp;&nbsp;&nbsp;&nbsp;&nbsp;&nbsp;&nbsp;&nbsp;&nbsp;&nbsp;&nbsp;&nbsp;&nbsp;&nbsp;&nbsp;&nbsp;&nbsp;&nbsp;&nbsp;&nbsp;&nbsp;&nbsp;&nbsp;&nbsp;&nbsp;&nbsp;&nbsp;&nbsp;&nbsp;&nbsp;&nbsp;&nbsp;&nbsp;&nbsp;&nbsp;&nbsp;&nbsp;&nbsp;&nbsp;&nbsp;&nbsp;&nbsp;&nbsp;&nbsp;&nbsp;&nbsp;&nbsp;&nbsp;&nbsp;&nbsp;&nbsp;&nbsp;&nbsp;&nbsp;&nbsp;&nbsp;&nbsp;&nbsp;&nbsp;&nbsp;&nbsp;&nbsp;&nbsp;&nbsp;&nbsp;&nbsp;&nbsp;&nbsp;&nbsp;&nbsp;&nbsp;&nbsp;&nbsp;&nbsp;&nbsp;&nbsp;&nbsp;&nbsp;&nbsp;&nbsp;&nbsp;&nbsp;&nbsp;&nbsp;&nbsp;&nbsp;&nbsp;&nbsp;&nbsp;&nbsp;&nbsp;&nbsp;&nbsp;&nbsp;&nbsp;&nbsp;&nbsp;&nbsp;&nbsp;&nbsp;&nbsp;&nbsp;&nbsp;&nbsp;&nbsp;&nbsp;&nbsp;&nbsp;&nbsp;&nbsp;&nbsp;&nbsp;&nbsp;&nbsp;&nbsp;&nbsp;&nbsp;&nbsp;&nbsp;&nbsp;&nbsp;&nbsp;&nbsp;&nbsp;&nbsp;&nbsp; &nbsp; &nbsp; &nbsp; &nbsp; &nbsp; &nbsp; &nbsp; &nbsp; &nbsp; &nbsp; &nbsp; &nbsp; &nbsp; &nbsp; &nbsp;&nbsp; <strong>Ttd : Admin</strong></p>\n', '2015-06-05 06:39:29', 'Belum Dibaca'),
(20, 198109202010121001, 'Sasa', 'Pengiriman Dokumen Kegiat', '<h3><!--?php $this---><strong>Yth. Staff <em>Bidang Inkubasi dan Alih Teknologi</em>,</strong></h3>\n\n<h3><strong>di</strong></h3>\n\n<p><strong>&nbsp;&nbsp;&nbsp; Tempat</strong></p>\n\n<p>&nbsp;&nbsp;&nbsp;&nbsp; Admin menginformasikan bahwa pada saat ini sedang diadakan monitoring kegiatan Inkubasi dan Alih Teknologi. Dengan ini admin menyatakan, agar segera mengirimkan dokumen kegiatan terlampir melalui <em><strong>Sistem Monitoring Kegiatan Bidang Inkubasi dan Alih Teknologi</strong></em>.</p>\n\n<p>Kegiatan Pelaporan dilaksanakan pada tanggal : 18 April 2015 - 27 April 2015&nbsp;</p>\n\n<p>Dimohon tidak mengabaikan pesan ini.</p>\n\n<p>&nbsp;&nbsp;&nbsp; Atas perhatiannya, kami ucapkan terima kasih.</p>\n\n<p>&nbsp;&nbsp;&nbsp;&nbsp;&nbsp;&nbsp;&nbsp;&nbsp;&nbsp;&nbsp;&nbsp;&nbsp;&nbsp;&nbsp;&nbsp;&nbsp;&nbsp;&nbsp;&nbsp;&nbsp;&nbsp;&nbsp;&nbsp;&nbsp;&nbsp;&nbsp;&nbsp;&nbsp;&nbsp;&nbsp;&nbsp;&nbsp;&nbsp;&nbsp;&nbsp;&nbsp;&nbsp;&nbsp;&nbsp;&nbsp;&nbsp;&nbsp;&nbsp;&nbsp;&nbsp;&nbsp;&nbsp;&nbsp;&nbsp;&nbsp;&nbsp;&nbsp;&nbsp;&nbsp;&nbsp;&nbsp;&nbsp;&nbsp;&nbsp;&nbsp;&nbsp;&nbsp;&nbsp;&nbsp;&nbsp;&nbsp;&nbsp;&nbsp;&nbsp;&nbsp;&nbsp;&nbsp;&nbsp;&nbsp;&nbsp;&nbsp;&nbsp;&nbsp;&nbsp;&nbsp;&nbsp;&nbsp;&nbsp;&nbsp;&nbsp;&nbsp;&nbsp;&nbsp;&nbsp;&nbsp;&nbsp;&nbsp;&nbsp;&nbsp;&nbsp;&nbsp;&nbsp;&nbsp;&nbsp;&nbsp;&nbsp;&nbsp;&nbsp;&nbsp;&nbsp;&nbsp;&nbsp;&nbsp;&nbsp;&nbsp;&nbsp;&nbsp;&nbsp;&nbsp;&nbsp;&nbsp;&nbsp;&nbsp;&nbsp;&nbsp;&nbsp;&nbsp;&nbsp;&nbsp;&nbsp;&nbsp;&nbsp;&nbsp;&nbsp;&nbsp;&nbsp;&nbsp;&nbsp;&nbsp;&nbsp;&nbsp;&nbsp;&nbsp;&nbsp;&nbsp;&nbsp;&nbsp;&nbsp;&nbsp;&nbsp;&nbsp;&nbsp;&nbsp;&nbsp;&nbsp;&nbsp;&nbsp;&nbsp;&nbsp;&nbsp;&nbsp;&nbsp;&nbsp;&nbsp;&nbsp;&nbsp;&nbsp;&nbsp;&nbsp;&nbsp;&nbsp;&nbsp;&nbsp;&nbsp;&nbsp;&nbsp;&nbsp;&nbsp;&nbsp;&nbsp;&nbsp;&nbsp;&nbsp;&nbsp;&nbsp;&nbsp;&nbsp;&nbsp;&nbsp;&nbsp;&nbsp;&nbsp;&nbsp;&nbsp;&nbsp;&nbsp;&nbsp;&nbsp;&nbsp;&nbsp;&nbsp;&nbsp;&nbsp;&nbsp;&nbsp;&nbsp;&nbsp;&nbsp;&nbsp;&nbsp;&nbsp;&nbsp;&nbsp;&nbsp;&nbsp;&nbsp;&nbsp;&nbsp;&nbsp;&nbsp;&nbsp;&nbsp;&nbsp;&nbsp;&nbsp;&nbsp;&nbsp; &nbsp; &nbsp; &nbsp; &nbsp; &nbsp; &nbsp; &nbsp; &nbsp; &nbsp; &nbsp; &nbsp; &nbsp; &nbsp; &nbsp; &nbsp;&nbsp; <strong>Ttd : Admin</strong></p>\n', '2015-06-05 06:39:29', 'Belum Dibaca'),
(21, 198401172008121001, 'Sasa', 'Pengiriman Dokumen Kegiat', '<h3><!--?php $this---><strong>Yth. Staff <em>Bidang Inkubasi dan Alih Teknologi</em>,</strong></h3>\n\n<h3><strong>di</strong></h3>\n\n<p><strong>&nbsp;&nbsp;&nbsp; Tempat</strong></p>\n\n<p>&nbsp;&nbsp;&nbsp;&nbsp; Admin menginformasikan bahwa pada saat ini sedang diadakan monitoring kegiatan Inkubasi dan Alih Teknologi. Dengan ini admin menyatakan, agar segera mengirimkan dokumen kegiatan terlampir melalui <em><strong>Sistem Monitoring Kegiatan Bidang Inkubasi dan Alih Teknologi</strong></em>.</p>\n\n<p>Kegiatan Pelaporan dilaksanakan pada tanggal : 18 April 2015 - 27 April 2015&nbsp;</p>\n\n<p>Dimohon tidak mengabaikan pesan ini.</p>\n\n<p>&nbsp;&nbsp;&nbsp; Atas perhatiannya, kami ucapkan terima kasih.</p>\n\n<p>&nbsp;&nbsp;&nbsp;&nbsp;&nbsp;&nbsp;&nbsp;&nbsp;&nbsp;&nbsp;&nbsp;&nbsp;&nbsp;&nbsp;&nbsp;&nbsp;&nbsp;&nbsp;&nbsp;&nbsp;&nbsp;&nbsp;&nbsp;&nbsp;&nbsp;&nbsp;&nbsp;&nbsp;&nbsp;&nbsp;&nbsp;&nbsp;&nbsp;&nbsp;&nbsp;&nbsp;&nbsp;&nbsp;&nbsp;&nbsp;&nbsp;&nbsp;&nbsp;&nbsp;&nbsp;&nbsp;&nbsp;&nbsp;&nbsp;&nbsp;&nbsp;&nbsp;&nbsp;&nbsp;&nbsp;&nbsp;&nbsp;&nbsp;&nbsp;&nbsp;&nbsp;&nbsp;&nbsp;&nbsp;&nbsp;&nbsp;&nbsp;&nbsp;&nbsp;&nbsp;&nbsp;&nbsp;&nbsp;&nbsp;&nbsp;&nbsp;&nbsp;&nbsp;&nbsp;&nbsp;&nbsp;&nbsp;&nbsp;&nbsp;&nbsp;&nbsp;&nbsp;&nbsp;&nbsp;&nbsp;&nbsp;&nbsp;&nbsp;&nbsp;&nbsp;&nbsp;&nbsp;&nbsp;&nbsp;&nbsp;&nbsp;&nbsp;&nbsp;&nbsp;&nbsp;&nbsp;&nbsp;&nbsp;&nbsp;&nbsp;&nbsp;&nbsp;&nbsp;&nbsp;&nbsp;&nbsp;&nbsp;&nbsp;&nbsp;&nbsp;&nbsp;&nbsp;&nbsp;&nbsp;&nbsp;&nbsp;&nbsp;&nbsp;&nbsp;&nbsp;&nbsp;&nbsp;&nbsp;&nbsp;&nbsp;&nbsp;&nbsp;&nbsp;&nbsp;&nbsp;&nbsp;&nbsp;&nbsp;&nbsp;&nbsp;&nbsp;&nbsp;&nbsp;&nbsp;&nbsp;&nbsp;&nbsp;&nbsp;&nbsp;&nbsp;&nbsp;&nbsp;&nbsp;&nbsp;&nbsp;&nbsp;&nbsp;&nbsp;&nbsp;&nbsp;&nbsp;&nbsp;&nbsp;&nbsp;&nbsp;&nbsp;&nbsp;&nbsp;&nbsp;&nbsp;&nbsp;&nbsp;&nbsp;&nbsp;&nbsp;&nbsp;&nbsp;&nbsp;&nbsp;&nbsp;&nbsp;&nbsp;&nbsp;&nbsp;&nbsp;&nbsp;&nbsp;&nbsp;&nbsp;&nbsp;&nbsp;&nbsp;&nbsp;&nbsp;&nbsp;&nbsp;&nbsp;&nbsp;&nbsp;&nbsp;&nbsp;&nbsp;&nbsp;&nbsp;&nbsp;&nbsp;&nbsp;&nbsp;&nbsp;&nbsp;&nbsp;&nbsp;&nbsp;&nbsp;&nbsp;&nbsp;&nbsp; &nbsp; &nbsp; &nbsp; &nbsp; &nbsp; &nbsp; &nbsp; &nbsp; &nbsp; &nbsp; &nbsp; &nbsp; &nbsp; &nbsp; &nbsp;&nbsp; <strong>Ttd : Admin</strong></p>\n', '2015-06-05 06:39:29', 'Dibaca'),
(22, 198502072009121006, 'Sasa', 'Pengiriman Dokumen Kegiat', '<h3><!--?php $this---><strong>Yth. Staff <em>Bidang Inkubasi dan Alih Teknologi</em>,</strong></h3>\n\n<h3><strong>di</strong></h3>\n\n<p><strong>&nbsp;&nbsp;&nbsp; Tempat</strong></p>\n\n<p>&nbsp;&nbsp;&nbsp;&nbsp; Admin menginformasikan bahwa pada saat ini sedang diadakan monitoring kegiatan Inkubasi dan Alih Teknologi. Dengan ini admin menyatakan, agar segera mengirimkan dokumen kegiatan terlampir melalui <em><strong>Sistem Monitoring Kegiatan Bidang Inkubasi dan Alih Teknologi</strong></em>.</p>\n\n<p>Kegiatan Pelaporan dilaksanakan pada tanggal : 18 April 2015 - 27 April 2015&nbsp;</p>\n\n<p>Dimohon tidak mengabaikan pesan ini.</p>\n\n<p>&nbsp;&nbsp;&nbsp; Atas perhatiannya, kami ucapkan terima kasih.</p>\n\n<p>&nbsp;&nbsp;&nbsp;&nbsp;&nbsp;&nbsp;&nbsp;&nbsp;&nbsp;&nbsp;&nbsp;&nbsp;&nbsp;&nbsp;&nbsp;&nbsp;&nbsp;&nbsp;&nbsp;&nbsp;&nbsp;&nbsp;&nbsp;&nbsp;&nbsp;&nbsp;&nbsp;&nbsp;&nbsp;&nbsp;&nbsp;&nbsp;&nbsp;&nbsp;&nbsp;&nbsp;&nbsp;&nbsp;&nbsp;&nbsp;&nbsp;&nbsp;&nbsp;&nbsp;&nbsp;&nbsp;&nbsp;&nbsp;&nbsp;&nbsp;&nbsp;&nbsp;&nbsp;&nbsp;&nbsp;&nbsp;&nbsp;&nbsp;&nbsp;&nbsp;&nbsp;&nbsp;&nbsp;&nbsp;&nbsp;&nbsp;&nbsp;&nbsp;&nbsp;&nbsp;&nbsp;&nbsp;&nbsp;&nbsp;&nbsp;&nbsp;&nbsp;&nbsp;&nbsp;&nbsp;&nbsp;&nbsp;&nbsp;&nbsp;&nbsp;&nbsp;&nbsp;&nbsp;&nbsp;&nbsp;&nbsp;&nbsp;&nbsp;&nbsp;&nbsp;&nbsp;&nbsp;&nbsp;&nbsp;&nbsp;&nbsp;&nbsp;&nbsp;&nbsp;&nbsp;&nbsp;&nbsp;&nbsp;&nbsp;&nbsp;&nbsp;&nbsp;&nbsp;&nbsp;&nbsp;&nbsp;&nbsp;&nbsp;&nbsp;&nbsp;&nbsp;&nbsp;&nbsp;&nbsp;&nbsp;&nbsp;&nbsp;&nbsp;&nbsp;&nbsp;&nbsp;&nbsp;&nbsp;&nbsp;&nbsp;&nbsp;&nbsp;&nbsp;&nbsp;&nbsp;&nbsp;&nbsp;&nbsp;&nbsp;&nbsp;&nbsp;&nbsp;&nbsp;&nbsp;&nbsp;&nbsp;&nbsp;&nbsp;&nbsp;&nbsp;&nbsp;&nbsp;&nbsp;&nbsp;&nbsp;&nbsp;&nbsp;&nbsp;&nbsp;&nbsp;&nbsp;&nbsp;&nbsp;&nbsp;&nbsp;&nbsp;&nbsp;&nbsp;&nbsp;&nbsp;&nbsp;&nbsp;&nbsp;&nbsp;&nbsp;&nbsp;&nbsp;&nbsp;&nbsp;&nbsp;&nbsp;&nbsp;&nbsp;&nbsp;&nbsp;&nbsp;&nbsp;&nbsp;&nbsp;&nbsp;&nbsp;&nbsp;&nbsp;&nbsp;&nbsp;&nbsp;&nbsp;&nbsp;&nbsp;&nbsp;&nbsp;&nbsp;&nbsp;&nbsp;&nbsp;&nbsp;&nbsp;&nbsp;&nbsp;&nbsp;&nbsp;&nbsp;&nbsp;&nbsp;&nbsp;&nbsp;&nbsp; &nbsp; &nbsp; &nbsp; &nbsp; &nbsp; &nbsp; &nbsp; &nbsp; &nbsp; &nbsp; &nbsp; &nbsp; &nbsp; &nbsp; &nbsp;&nbsp; <strong>Ttd : Admin</strong></p>\n', '2015-06-05 06:39:29', 'Belum Dibaca'),
(23, 198506042014012001, 'Sasa', 'Pengiriman Dokumen Kegiat', '<h3><!--?php $this---><strong>Yth. Staff <em>Bidang Inkubasi dan Alih Teknologi</em>,</strong></h3>\n\n<h3><strong>di</strong></h3>\n\n<p><strong>&nbsp;&nbsp;&nbsp; Tempat</strong></p>\n\n<p>&nbsp;&nbsp;&nbsp;&nbsp; Admin menginformasikan bahwa pada saat ini sedang diadakan monitoring kegiatan Inkubasi dan Alih Teknologi. Dengan ini admin menyatakan, agar segera mengirimkan dokumen kegiatan terlampir melalui <em><strong>Sistem Monitoring Kegiatan Bidang Inkubasi dan Alih Teknologi</strong></em>.</p>\n\n<p>Kegiatan Pelaporan dilaksanakan pada tanggal : 18 April 2015 - 27 April 2015&nbsp;</p>\n\n<p>Dimohon tidak mengabaikan pesan ini.</p>\n\n<p>&nbsp;&nbsp;&nbsp; Atas perhatiannya, kami ucapkan terima kasih.</p>\n\n<p>&nbsp;&nbsp;&nbsp;&nbsp;&nbsp;&nbsp;&nbsp;&nbsp;&nbsp;&nbsp;&nbsp;&nbsp;&nbsp;&nbsp;&nbsp;&nbsp;&nbsp;&nbsp;&nbsp;&nbsp;&nbsp;&nbsp;&nbsp;&nbsp;&nbsp;&nbsp;&nbsp;&nbsp;&nbsp;&nbsp;&nbsp;&nbsp;&nbsp;&nbsp;&nbsp;&nbsp;&nbsp;&nbsp;&nbsp;&nbsp;&nbsp;&nbsp;&nbsp;&nbsp;&nbsp;&nbsp;&nbsp;&nbsp;&nbsp;&nbsp;&nbsp;&nbsp;&nbsp;&nbsp;&nbsp;&nbsp;&nbsp;&nbsp;&nbsp;&nbsp;&nbsp;&nbsp;&nbsp;&nbsp;&nbsp;&nbsp;&nbsp;&nbsp;&nbsp;&nbsp;&nbsp;&nbsp;&nbsp;&nbsp;&nbsp;&nbsp;&nbsp;&nbsp;&nbsp;&nbsp;&nbsp;&nbsp;&nbsp;&nbsp;&nbsp;&nbsp;&nbsp;&nbsp;&nbsp;&nbsp;&nbsp;&nbsp;&nbsp;&nbsp;&nbsp;&nbsp;&nbsp;&nbsp;&nbsp;&nbsp;&nbsp;&nbsp;&nbsp;&nbsp;&nbsp;&nbsp;&nbsp;&nbsp;&nbsp;&nbsp;&nbsp;&nbsp;&nbsp;&nbsp;&nbsp;&nbsp;&nbsp;&nbsp;&nbsp;&nbsp;&nbsp;&nbsp;&nbsp;&nbsp;&nbsp;&nbsp;&nbsp;&nbsp;&nbsp;&nbsp;&nbsp;&nbsp;&nbsp;&nbsp;&nbsp;&nbsp;&nbsp;&nbsp;&nbsp;&nbsp;&nbsp;&nbsp;&nbsp;&nbsp;&nbsp;&nbsp;&nbsp;&nbsp;&nbsp;&nbsp;&nbsp;&nbsp;&nbsp;&nbsp;&nbsp;&nbsp;&nbsp;&nbsp;&nbsp;&nbsp;&nbsp;&nbsp;&nbsp;&nbsp;&nbsp;&nbsp;&nbsp;&nbsp;&nbsp;&nbsp;&nbsp;&nbsp;&nbsp;&nbsp;&nbsp;&nbsp;&nbsp;&nbsp;&nbsp;&nbsp;&nbsp;&nbsp;&nbsp;&nbsp;&nbsp;&nbsp;&nbsp;&nbsp;&nbsp;&nbsp;&nbsp;&nbsp;&nbsp;&nbsp;&nbsp;&nbsp;&nbsp;&nbsp;&nbsp;&nbsp;&nbsp;&nbsp;&nbsp;&nbsp;&nbsp;&nbsp;&nbsp;&nbsp;&nbsp;&nbsp;&nbsp;&nbsp;&nbsp;&nbsp;&nbsp;&nbsp;&nbsp;&nbsp;&nbsp;&nbsp;&nbsp;&nbsp; &nbsp; &nbsp; &nbsp; &nbsp; &nbsp; &nbsp; &nbsp; &nbsp; &nbsp; &nbsp; &nbsp; &nbsp; &nbsp; &nbsp; &nbsp;&nbsp; <strong>Ttd : Admin</strong></p>\n', '2015-06-05 06:39:30', 'Belum Dibaca'),
(24, 198606112009122005, 'Sasa', 'Pengiriman Dokumen Kegiat', '<h3><!--?php $this---><strong>Yth. Staff <em>Bidang Inkubasi dan Alih Teknologi</em>,</strong></h3>\n\n<h3><strong>di</strong></h3>\n\n<p><strong>&nbsp;&nbsp;&nbsp; Tempat</strong></p>\n\n<p>&nbsp;&nbsp;&nbsp;&nbsp; Admin menginformasikan bahwa pada saat ini sedang diadakan monitoring kegiatan Inkubasi dan Alih Teknologi. Dengan ini admin menyatakan, agar segera mengirimkan dokumen kegiatan terlampir melalui <em><strong>Sistem Monitoring Kegiatan Bidang Inkubasi dan Alih Teknologi</strong></em>.</p>\n\n<p>Kegiatan Pelaporan dilaksanakan pada tanggal : 18 April 2015 - 27 April 2015&nbsp;</p>\n\n<p>Dimohon tidak mengabaikan pesan ini.</p>\n\n<p>&nbsp;&nbsp;&nbsp; Atas perhatiannya, kami ucapkan terima kasih.</p>\n\n<p>&nbsp;&nbsp;&nbsp;&nbsp;&nbsp;&nbsp;&nbsp;&nbsp;&nbsp;&nbsp;&nbsp;&nbsp;&nbsp;&nbsp;&nbsp;&nbsp;&nbsp;&nbsp;&nbsp;&nbsp;&nbsp;&nbsp;&nbsp;&nbsp;&nbsp;&nbsp;&nbsp;&nbsp;&nbsp;&nbsp;&nbsp;&nbsp;&nbsp;&nbsp;&nbsp;&nbsp;&nbsp;&nbsp;&nbsp;&nbsp;&nbsp;&nbsp;&nbsp;&nbsp;&nbsp;&nbsp;&nbsp;&nbsp;&nbsp;&nbsp;&nbsp;&nbsp;&nbsp;&nbsp;&nbsp;&nbsp;&nbsp;&nbsp;&nbsp;&nbsp;&nbsp;&nbsp;&nbsp;&nbsp;&nbsp;&nbsp;&nbsp;&nbsp;&nbsp;&nbsp;&nbsp;&nbsp;&nbsp;&nbsp;&nbsp;&nbsp;&nbsp;&nbsp;&nbsp;&nbsp;&nbsp;&nbsp;&nbsp;&nbsp;&nbsp;&nbsp;&nbsp;&nbsp;&nbsp;&nbsp;&nbsp;&nbsp;&nbsp;&nbsp;&nbsp;&nbsp;&nbsp;&nbsp;&nbsp;&nbsp;&nbsp;&nbsp;&nbsp;&nbsp;&nbsp;&nbsp;&nbsp;&nbsp;&nbsp;&nbsp;&nbsp;&nbsp;&nbsp;&nbsp;&nbsp;&nbsp;&nbsp;&nbsp;&nbsp;&nbsp;&nbsp;&nbsp;&nbsp;&nbsp;&nbsp;&nbsp;&nbsp;&nbsp;&nbsp;&nbsp;&nbsp;&nbsp;&nbsp;&nbsp;&nbsp;&nbsp;&nbsp;&nbsp;&nbsp;&nbsp;&nbsp;&nbsp;&nbsp;&nbsp;&nbsp;&nbsp;&nbsp;&nbsp;&nbsp;&nbsp;&nbsp;&nbsp;&nbsp;&nbsp;&nbsp;&nbsp;&nbsp;&nbsp;&nbsp;&nbsp;&nbsp;&nbsp;&nbsp;&nbsp;&nbsp;&nbsp;&nbsp;&nbsp;&nbsp;&nbsp;&nbsp;&nbsp;&nbsp;&nbsp;&nbsp;&nbsp;&nbsp;&nbsp;&nbsp;&nbsp;&nbsp;&nbsp;&nbsp;&nbsp;&nbsp;&nbsp;&nbsp;&nbsp;&nbsp;&nbsp;&nbsp;&nbsp;&nbsp;&nbsp;&nbsp;&nbsp;&nbsp;&nbsp;&nbsp;&nbsp;&nbsp;&nbsp;&nbsp;&nbsp;&nbsp;&nbsp;&nbsp;&nbsp;&nbsp;&nbsp;&nbsp;&nbsp;&nbsp;&nbsp;&nbsp;&nbsp;&nbsp;&nbsp;&nbsp;&nbsp;&nbsp;&nbsp; &nbsp; &nbsp; &nbsp; &nbsp; &nbsp; &nbsp; &nbsp; &nbsp; &nbsp; &nbsp; &nbsp; &nbsp; &nbsp; &nbsp; &nbsp;&nbsp; <strong>Ttd : Admin</strong></p>\n', '2015-06-05 06:39:30', 'Belum Dibaca'),
(25, 198708072014011001, 'Sasa', 'Pengiriman Dokumen Kegiat', '<h3><!--?php $this---><strong>Yth. Staff <em>Bidang Inkubasi dan Alih Teknologi</em>,</strong></h3>\n\n<h3><strong>di</strong></h3>\n\n<p><strong>&nbsp;&nbsp;&nbsp; Tempat</strong></p>\n\n<p>&nbsp;&nbsp;&nbsp;&nbsp; Admin menginformasikan bahwa pada saat ini sedang diadakan monitoring kegiatan Inkubasi dan Alih Teknologi. Dengan ini admin menyatakan, agar segera mengirimkan dokumen kegiatan terlampir melalui <em><strong>Sistem Monitoring Kegiatan Bidang Inkubasi dan Alih Teknologi</strong></em>.</p>\n\n<p>Kegiatan Pelaporan dilaksanakan pada tanggal : 18 April 2015 - 27 April 2015&nbsp;</p>\n\n<p>Dimohon tidak mengabaikan pesan ini.</p>\n\n<p>&nbsp;&nbsp;&nbsp; Atas perhatiannya, kami ucapkan terima kasih.</p>\n\n<p>&nbsp;&nbsp;&nbsp;&nbsp;&nbsp;&nbsp;&nbsp;&nbsp;&nbsp;&nbsp;&nbsp;&nbsp;&nbsp;&nbsp;&nbsp;&nbsp;&nbsp;&nbsp;&nbsp;&nbsp;&nbsp;&nbsp;&nbsp;&nbsp;&nbsp;&nbsp;&nbsp;&nbsp;&nbsp;&nbsp;&nbsp;&nbsp;&nbsp;&nbsp;&nbsp;&nbsp;&nbsp;&nbsp;&nbsp;&nbsp;&nbsp;&nbsp;&nbsp;&nbsp;&nbsp;&nbsp;&nbsp;&nbsp;&nbsp;&nbsp;&nbsp;&nbsp;&nbsp;&nbsp;&nbsp;&nbsp;&nbsp;&nbsp;&nbsp;&nbsp;&nbsp;&nbsp;&nbsp;&nbsp;&nbsp;&nbsp;&nbsp;&nbsp;&nbsp;&nbsp;&nbsp;&nbsp;&nbsp;&nbsp;&nbsp;&nbsp;&nbsp;&nbsp;&nbsp;&nbsp;&nbsp;&nbsp;&nbsp;&nbsp;&nbsp;&nbsp;&nbsp;&nbsp;&nbsp;&nbsp;&nbsp;&nbsp;&nbsp;&nbsp;&nbsp;&nbsp;&nbsp;&nbsp;&nbsp;&nbsp;&nbsp;&nbsp;&nbsp;&nbsp;&nbsp;&nbsp;&nbsp;&nbsp;&nbsp;&nbsp;&nbsp;&nbsp;&nbsp;&nbsp;&nbsp;&nbsp;&nbsp;&nbsp;&nbsp;&nbsp;&nbsp;&nbsp;&nbsp;&nbsp;&nbsp;&nbsp;&nbsp;&nbsp;&nbsp;&nbsp;&nbsp;&nbsp;&nbsp;&nbsp;&nbsp;&nbsp;&nbsp;&nbsp;&nbsp;&nbsp;&nbsp;&nbsp;&nbsp;&nbsp;&nbsp;&nbsp;&nbsp;&nbsp;&nbsp;&nbsp;&nbsp;&nbsp;&nbsp;&nbsp;&nbsp;&nbsp;&nbsp;&nbsp;&nbsp;&nbsp;&nbsp;&nbsp;&nbsp;&nbsp;&nbsp;&nbsp;&nbsp;&nbsp;&nbsp;&nbsp;&nbsp;&nbsp;&nbsp;&nbsp;&nbsp;&nbsp;&nbsp;&nbsp;&nbsp;&nbsp;&nbsp;&nbsp;&nbsp;&nbsp;&nbsp;&nbsp;&nbsp;&nbsp;&nbsp;&nbsp;&nbsp;&nbsp;&nbsp;&nbsp;&nbsp;&nbsp;&nbsp;&nbsp;&nbsp;&nbsp;&nbsp;&nbsp;&nbsp;&nbsp;&nbsp;&nbsp;&nbsp;&nbsp;&nbsp;&nbsp;&nbsp;&nbsp;&nbsp;&nbsp;&nbsp;&nbsp;&nbsp;&nbsp;&nbsp;&nbsp;&nbsp;&nbsp; &nbsp; &nbsp; &nbsp; &nbsp; &nbsp; &nbsp; &nbsp; &nbsp; &nbsp; &nbsp; &nbsp; &nbsp; &nbsp; &nbsp; &nbsp;&nbsp; <strong>Ttd : Admin</strong></p>\n', '2015-06-05 06:39:30', 'Belum Dibaca'),
(26, 198711172010121001, 'Sasa', 'Pengiriman Dokumen Kegiat', '<h3><!--?php $this---><strong>Yth. Staff <em>Bidang Inkubasi dan Alih Teknologi</em>,</strong></h3>\n\n<h3><strong>di</strong></h3>\n\n<p><strong>&nbsp;&nbsp;&nbsp; Tempat</strong></p>\n\n<p>&nbsp;&nbsp;&nbsp;&nbsp; Admin menginformasikan bahwa pada saat ini sedang diadakan monitoring kegiatan Inkubasi dan Alih Teknologi. Dengan ini admin menyatakan, agar segera mengirimkan dokumen kegiatan terlampir melalui <em><strong>Sistem Monitoring Kegiatan Bidang Inkubasi dan Alih Teknologi</strong></em>.</p>\n\n<p>Kegiatan Pelaporan dilaksanakan pada tanggal : 18 April 2015 - 27 April 2015&nbsp;</p>\n\n<p>Dimohon tidak mengabaikan pesan ini.</p>\n\n<p>&nbsp;&nbsp;&nbsp; Atas perhatiannya, kami ucapkan terima kasih.</p>\n\n<p>&nbsp;&nbsp;&nbsp;&nbsp;&nbsp;&nbsp;&nbsp;&nbsp;&nbsp;&nbsp;&nbsp;&nbsp;&nbsp;&nbsp;&nbsp;&nbsp;&nbsp;&nbsp;&nbsp;&nbsp;&nbsp;&nbsp;&nbsp;&nbsp;&nbsp;&nbsp;&nbsp;&nbsp;&nbsp;&nbsp;&nbsp;&nbsp;&nbsp;&nbsp;&nbsp;&nbsp;&nbsp;&nbsp;&nbsp;&nbsp;&nbsp;&nbsp;&nbsp;&nbsp;&nbsp;&nbsp;&nbsp;&nbsp;&nbsp;&nbsp;&nbsp;&nbsp;&nbsp;&nbsp;&nbsp;&nbsp;&nbsp;&nbsp;&nbsp;&nbsp;&nbsp;&nbsp;&nbsp;&nbsp;&nbsp;&nbsp;&nbsp;&nbsp;&nbsp;&nbsp;&nbsp;&nbsp;&nbsp;&nbsp;&nbsp;&nbsp;&nbsp;&nbsp;&nbsp;&nbsp;&nbsp;&nbsp;&nbsp;&nbsp;&nbsp;&nbsp;&nbsp;&nbsp;&nbsp;&nbsp;&nbsp;&nbsp;&nbsp;&nbsp;&nbsp;&nbsp;&nbsp;&nbsp;&nbsp;&nbsp;&nbsp;&nbsp;&nbsp;&nbsp;&nbsp;&nbsp;&nbsp;&nbsp;&nbsp;&nbsp;&nbsp;&nbsp;&nbsp;&nbsp;&nbsp;&nbsp;&nbsp;&nbsp;&nbsp;&nbsp;&nbsp;&nbsp;&nbsp;&nbsp;&nbsp;&nbsp;&nbsp;&nbsp;&nbsp;&nbsp;&nbsp;&nbsp;&nbsp;&nbsp;&nbsp;&nbsp;&nbsp;&nbsp;&nbsp;&nbsp;&nbsp;&nbsp;&nbsp;&nbsp;&nbsp;&nbsp;&nbsp;&nbsp;&nbsp;&nbsp;&nbsp;&nbsp;&nbsp;&nbsp;&nbsp;&nbsp;&nbsp;&nbsp;&nbsp;&nbsp;&nbsp;&nbsp;&nbsp;&nbsp;&nbsp;&nbsp;&nbsp;&nbsp;&nbsp;&nbsp;&nbsp;&nbsp;&nbsp;&nbsp;&nbsp;&nbsp;&nbsp;&nbsp;&nbsp;&nbsp;&nbsp;&nbsp;&nbsp;&nbsp;&nbsp;&nbsp;&nbsp;&nbsp;&nbsp;&nbsp;&nbsp;&nbsp;&nbsp;&nbsp;&nbsp;&nbsp;&nbsp;&nbsp;&nbsp;&nbsp;&nbsp;&nbsp;&nbsp;&nbsp;&nbsp;&nbsp;&nbsp;&nbsp;&nbsp;&nbsp;&nbsp;&nbsp;&nbsp;&nbsp;&nbsp;&nbsp;&nbsp;&nbsp;&nbsp;&nbsp;&nbsp;&nbsp; &nbsp; &nbsp; &nbsp; &nbsp; &nbsp; &nbsp; &nbsp; &nbsp; &nbsp; &nbsp; &nbsp; &nbsp; &nbsp; &nbsp; &nbsp;&nbsp; <strong>Ttd : Admin</strong></p>\n', '2015-06-05 06:39:30', 'Belum Dibaca'),
(27, 198712022014012001, 'Sasa', 'Pengiriman Dokumen Kegiat', '<h3><!--?php $this---><strong>Yth. Staff <em>Bidang Inkubasi dan Alih Teknologi</em>,</strong></h3>\n\n<h3><strong>di</strong></h3>\n\n<p><strong>&nbsp;&nbsp;&nbsp; Tempat</strong></p>\n\n<p>&nbsp;&nbsp;&nbsp;&nbsp; Admin menginformasikan bahwa pada saat ini sedang diadakan monitoring kegiatan Inkubasi dan Alih Teknologi. Dengan ini admin menyatakan, agar segera mengirimkan dokumen kegiatan terlampir melalui <em><strong>Sistem Monitoring Kegiatan Bidang Inkubasi dan Alih Teknologi</strong></em>.</p>\n\n<p>Kegiatan Pelaporan dilaksanakan pada tanggal : 18 April 2015 - 27 April 2015&nbsp;</p>\n\n<p>Dimohon tidak mengabaikan pesan ini.</p>\n\n<p>&nbsp;&nbsp;&nbsp; Atas perhatiannya, kami ucapkan terima kasih.</p>\n\n<p>&nbsp;&nbsp;&nbsp;&nbsp;&nbsp;&nbsp;&nbsp;&nbsp;&nbsp;&nbsp;&nbsp;&nbsp;&nbsp;&nbsp;&nbsp;&nbsp;&nbsp;&nbsp;&nbsp;&nbsp;&nbsp;&nbsp;&nbsp;&nbsp;&nbsp;&nbsp;&nbsp;&nbsp;&nbsp;&nbsp;&nbsp;&nbsp;&nbsp;&nbsp;&nbsp;&nbsp;&nbsp;&nbsp;&nbsp;&nbsp;&nbsp;&nbsp;&nbsp;&nbsp;&nbsp;&nbsp;&nbsp;&nbsp;&nbsp;&nbsp;&nbsp;&nbsp;&nbsp;&nbsp;&nbsp;&nbsp;&nbsp;&nbsp;&nbsp;&nbsp;&nbsp;&nbsp;&nbsp;&nbsp;&nbsp;&nbsp;&nbsp;&nbsp;&nbsp;&nbsp;&nbsp;&nbsp;&nbsp;&nbsp;&nbsp;&nbsp;&nbsp;&nbsp;&nbsp;&nbsp;&nbsp;&nbsp;&nbsp;&nbsp;&nbsp;&nbsp;&nbsp;&nbsp;&nbsp;&nbsp;&nbsp;&nbsp;&nbsp;&nbsp;&nbsp;&nbsp;&nbsp;&nbsp;&nbsp;&nbsp;&nbsp;&nbsp;&nbsp;&nbsp;&nbsp;&nbsp;&nbsp;&nbsp;&nbsp;&nbsp;&nbsp;&nbsp;&nbsp;&nbsp;&nbsp;&nbsp;&nbsp;&nbsp;&nbsp;&nbsp;&nbsp;&nbsp;&nbsp;&nbsp;&nbsp;&nbsp;&nbsp;&nbsp;&nbsp;&nbsp;&nbsp;&nbsp;&nbsp;&nbsp;&nbsp;&nbsp;&nbsp;&nbsp;&nbsp;&nbsp;&nbsp;&nbsp;&nbsp;&nbsp;&nbsp;&nbsp;&nbsp;&nbsp;&nbsp;&nbsp;&nbsp;&nbsp;&nbsp;&nbsp;&nbsp;&nbsp;&nbsp;&nbsp;&nbsp;&nbsp;&nbsp;&nbsp;&nbsp;&nbsp;&nbsp;&nbsp;&nbsp;&nbsp;&nbsp;&nbsp;&nbsp;&nbsp;&nbsp;&nbsp;&nbsp;&nbsp;&nbsp;&nbsp;&nbsp;&nbsp;&nbsp;&nbsp;&nbsp;&nbsp;&nbsp;&nbsp;&nbsp;&nbsp;&nbsp;&nbsp;&nbsp;&nbsp;&nbsp;&nbsp;&nbsp;&nbsp;&nbsp;&nbsp;&nbsp;&nbsp;&nbsp;&nbsp;&nbsp;&nbsp;&nbsp;&nbsp;&nbsp;&nbsp;&nbsp;&nbsp;&nbsp;&nbsp;&nbsp;&nbsp;&nbsp;&nbsp;&nbsp;&nbsp;&nbsp;&nbsp;&nbsp;&nbsp; &nbsp; &nbsp; &nbsp; &nbsp; &nbsp; &nbsp; &nbsp; &nbsp; &nbsp; &nbsp; &nbsp; &nbsp; &nbsp; &nbsp; &nbsp;&nbsp; <strong>Ttd : Admin</strong></p>\n', '2015-06-05 06:39:30', 'Belum Dibaca');
INSERT INTO `tbl_pesan` (`id_pesan`, `nip`, `pengirim`, `subjek`, `pesan`, `waktu`, `status`) VALUES
(28, 198911012014012001, 'Sasa', 'Pengiriman Dokumen Kegiat', '<h3><!--?php $this---><strong>Yth. Staff <em>Bidang Inkubasi dan Alih Teknologi</em>,</strong></h3>\n\n<h3><strong>di</strong></h3>\n\n<p><strong>&nbsp;&nbsp;&nbsp; Tempat</strong></p>\n\n<p>&nbsp;&nbsp;&nbsp;&nbsp; Admin menginformasikan bahwa pada saat ini sedang diadakan monitoring kegiatan Inkubasi dan Alih Teknologi. Dengan ini admin menyatakan, agar segera mengirimkan dokumen kegiatan terlampir melalui <em><strong>Sistem Monitoring Kegiatan Bidang Inkubasi dan Alih Teknologi</strong></em>.</p>\n\n<p>Kegiatan Pelaporan dilaksanakan pada tanggal : 18 April 2015 - 27 April 2015&nbsp;</p>\n\n<p>Dimohon tidak mengabaikan pesan ini.</p>\n\n<p>&nbsp;&nbsp;&nbsp; Atas perhatiannya, kami ucapkan terima kasih.</p>\n\n<p>&nbsp;&nbsp;&nbsp;&nbsp;&nbsp;&nbsp;&nbsp;&nbsp;&nbsp;&nbsp;&nbsp;&nbsp;&nbsp;&nbsp;&nbsp;&nbsp;&nbsp;&nbsp;&nbsp;&nbsp;&nbsp;&nbsp;&nbsp;&nbsp;&nbsp;&nbsp;&nbsp;&nbsp;&nbsp;&nbsp;&nbsp;&nbsp;&nbsp;&nbsp;&nbsp;&nbsp;&nbsp;&nbsp;&nbsp;&nbsp;&nbsp;&nbsp;&nbsp;&nbsp;&nbsp;&nbsp;&nbsp;&nbsp;&nbsp;&nbsp;&nbsp;&nbsp;&nbsp;&nbsp;&nbsp;&nbsp;&nbsp;&nbsp;&nbsp;&nbsp;&nbsp;&nbsp;&nbsp;&nbsp;&nbsp;&nbsp;&nbsp;&nbsp;&nbsp;&nbsp;&nbsp;&nbsp;&nbsp;&nbsp;&nbsp;&nbsp;&nbsp;&nbsp;&nbsp;&nbsp;&nbsp;&nbsp;&nbsp;&nbsp;&nbsp;&nbsp;&nbsp;&nbsp;&nbsp;&nbsp;&nbsp;&nbsp;&nbsp;&nbsp;&nbsp;&nbsp;&nbsp;&nbsp;&nbsp;&nbsp;&nbsp;&nbsp;&nbsp;&nbsp;&nbsp;&nbsp;&nbsp;&nbsp;&nbsp;&nbsp;&nbsp;&nbsp;&nbsp;&nbsp;&nbsp;&nbsp;&nbsp;&nbsp;&nbsp;&nbsp;&nbsp;&nbsp;&nbsp;&nbsp;&nbsp;&nbsp;&nbsp;&nbsp;&nbsp;&nbsp;&nbsp;&nbsp;&nbsp;&nbsp;&nbsp;&nbsp;&nbsp;&nbsp;&nbsp;&nbsp;&nbsp;&nbsp;&nbsp;&nbsp;&nbsp;&nbsp;&nbsp;&nbsp;&nbsp;&nbsp;&nbsp;&nbsp;&nbsp;&nbsp;&nbsp;&nbsp;&nbsp;&nbsp;&nbsp;&nbsp;&nbsp;&nbsp;&nbsp;&nbsp;&nbsp;&nbsp;&nbsp;&nbsp;&nbsp;&nbsp;&nbsp;&nbsp;&nbsp;&nbsp;&nbsp;&nbsp;&nbsp;&nbsp;&nbsp;&nbsp;&nbsp;&nbsp;&nbsp;&nbsp;&nbsp;&nbsp;&nbsp;&nbsp;&nbsp;&nbsp;&nbsp;&nbsp;&nbsp;&nbsp;&nbsp;&nbsp;&nbsp;&nbsp;&nbsp;&nbsp;&nbsp;&nbsp;&nbsp;&nbsp;&nbsp;&nbsp;&nbsp;&nbsp;&nbsp;&nbsp;&nbsp;&nbsp;&nbsp;&nbsp;&nbsp;&nbsp;&nbsp;&nbsp;&nbsp;&nbsp;&nbsp;&nbsp; &nbsp; &nbsp; &nbsp; &nbsp; &nbsp; &nbsp; &nbsp; &nbsp; &nbsp; &nbsp; &nbsp; &nbsp; &nbsp; &nbsp; &nbsp;&nbsp; <strong>Ttd : Admin</strong></p>\n', '2015-06-05 06:39:31', 'Belum Dibaca');

-- --------------------------------------------------------

--
-- Table structure for table `tbl_template_pesan`
--

CREATE TABLE IF NOT EXISTS `tbl_template_pesan` (
  `no` int(11) NOT NULL AUTO_INCREMENT,
  `konten_pesan` text NOT NULL,
  PRIMARY KEY (`no`)
) ENGINE=InnoDB  DEFAULT CHARSET=latin1 AUTO_INCREMENT=2 ;

--
-- Dumping data for table `tbl_template_pesan`
--

INSERT INTO `tbl_template_pesan` (`no`, `konten_pesan`) VALUES
(1, '<h3><!--?php $this---><strong>Yth. Staff <em>Bidang Inkubasi dan Alih Teknologi</em>,</strong></h3>\r\n\r\n<h3><strong>di</strong></h3>\r\n\r\n<p><strong>&nbsp;&nbsp;&nbsp; Tempat</strong></p>\r\n\r\n<p>&nbsp;&nbsp;&nbsp;&nbsp; Admin menginformasikan bahwa pada saat ini sedang diadakan monitoring kegiatan Inkubasi dan Alih Teknologi. Dengan ini admin menyatakan, agar segera mengirimkan dokumen kegiatan terlampir melalui <em><strong>Sistem Monitoring Kegiatan Bidang Inkubasi dan Alih Teknologi</strong></em>.</p>\r\n\r\n<p>Kegiatan Pelaporan dilaksanakan pada tanggal : 18 April 2015 - 27 April 2015&nbsp;</p>\r\n\r\n<p>Dimohon tidak mengabaikan pesan ini.</p>\r\n\r\n<p>&nbsp;&nbsp;&nbsp; Atas perhatiannya, kami ucapkan terima kasih.</p>\r\n\r\n<p>&nbsp;&nbsp;&nbsp;&nbsp;&nbsp;&nbsp;&nbsp;&nbsp;&nbsp;&nbsp;&nbsp;&nbsp;&nbsp;&nbsp;&nbsp;&nbsp;&nbsp;&nbsp;&nbsp;&nbsp;&nbsp;&nbsp;&nbsp;&nbsp;&nbsp;&nbsp;&nbsp;&nbsp;&nbsp;&nbsp;&nbsp;&nbsp;&nbsp;&nbsp;&nbsp;&nbsp;&nbsp;&nbsp;&nbsp;&nbsp;&nbsp;&nbsp;&nbsp;&nbsp;&nbsp;&nbsp;&nbsp;&nbsp;&nbsp;&nbsp;&nbsp;&nbsp;&nbsp;&nbsp;&nbsp;&nbsp;&nbsp;&nbsp;&nbsp;&nbsp;&nbsp;&nbsp;&nbsp;&nbsp;&nbsp;&nbsp;&nbsp;&nbsp;&nbsp;&nbsp;&nbsp;&nbsp;&nbsp;&nbsp;&nbsp;&nbsp;&nbsp;&nbsp;&nbsp;&nbsp;&nbsp;&nbsp;&nbsp;&nbsp;&nbsp;&nbsp;&nbsp;&nbsp;&nbsp;&nbsp;&nbsp;&nbsp;&nbsp;&nbsp;&nbsp;&nbsp;&nbsp;&nbsp;&nbsp;&nbsp;&nbsp;&nbsp;&nbsp;&nbsp;&nbsp;&nbsp;&nbsp;&nbsp;&nbsp;&nbsp;&nbsp;&nbsp;&nbsp;&nbsp;&nbsp;&nbsp;&nbsp;&nbsp;&nbsp;&nbsp;&nbsp;&nbsp;&nbsp;&nbsp;&nbsp;&nbsp;&nbsp;&nbsp;&nbsp;&nbsp;&nbsp;&nbsp;&nbsp;&nbsp;&nbsp;&nbsp;&nbsp;&nbsp;&nbsp;&nbsp;&nbsp;&nbsp;&nbsp;&nbsp;&nbsp;&nbsp;&nbsp;&nbsp;&nbsp;&nbsp;&nbsp;&nbsp;&nbsp;&nbsp;&nbsp;&nbsp;&nbsp;&nbsp;&nbsp;&nbsp;&nbsp;&nbsp;&nbsp;&nbsp;&nbsp;&nbsp;&nbsp;&nbsp;&nbsp;&nbsp;&nbsp;&nbsp;&nbsp;&nbsp;&nbsp;&nbsp;&nbsp;&nbsp;&nbsp;&nbsp;&nbsp;&nbsp;&nbsp;&nbsp;&nbsp;&nbsp;&nbsp;&nbsp;&nbsp;&nbsp;&nbsp;&nbsp;&nbsp;&nbsp;&nbsp;&nbsp;&nbsp;&nbsp;&nbsp;&nbsp;&nbsp;&nbsp;&nbsp;&nbsp;&nbsp;&nbsp;&nbsp;&nbsp;&nbsp;&nbsp;&nbsp;&nbsp;&nbsp;&nbsp;&nbsp;&nbsp;&nbsp;&nbsp;&nbsp;&nbsp;&nbsp;&nbsp; &nbsp; &nbsp; &nbsp; &nbsp; &nbsp; &nbsp; &nbsp; &nbsp; &nbsp; &nbsp; &nbsp; &nbsp; &nbsp; &nbsp; &nbsp;&nbsp; <strong>Ttd : Admin</strong></p>\r\n');

-- --------------------------------------------------------

--
-- Table structure for table `tbl_tentangkami`
--

CREATE TABLE IF NOT EXISTS `tbl_tentangkami` (
  `no` int(11) NOT NULL AUTO_INCREMENT,
  `konten` text NOT NULL,
  PRIMARY KEY (`no`)
) ENGINE=InnoDB  DEFAULT CHARSET=latin1 AUTO_INCREMENT=2 ;

--
-- Dumping data for table `tbl_tentangkami`
--

INSERT INTO `tbl_tentangkami` (`no`, `konten`) VALUES
(1, '<p><strong>Pusat Inovasi LIPI</strong>, berdiri pada bulan Juni 2001, merupakan salah satu Pusat dari 22 Pusat Penelitian yang ada di LIPI. Disamping Pusat Penelitian juga terdapat Inspektorat, 5 Biro, dan 20 UPT yang lokasinya terdistribusi di berbagai daerah di tanah air. Pusat Inovasi berada didalam Kedeputian Bidang Jasa Ilmiah - LIPI.</p>\r\n\r\n<p>Sistem Informasi Monitoring Laporan (SIMOL) adalah sistem tata kelola administrasi pelaporan berbasis teknologi informasi dengan antar muka Web yang dikembangkan di Pusat Inovasi LIPI.</p>\r\n\r\n<p>Tujuan :</p>\r\n\r\n<ol>\r\n	<li>Mempermudah pengawasan atau monitoring hasil pelaksanaan kegiatan dari segi pelaporan yang telah dikirim.</li>\r\n	<li>Diharapkan berbagai kegiatan yang dilaksanakan di Pusat Inovasi LIPI dapat dengan mudah di evaluasi oleh atasan langsung dari pelaksana kegiatan atau bagian tim Pelaksana Monitoring dan Evaluasi (PME) yang telah ditunjuk oleh Kepala Pusat Inovasi LIPI.</li>\r\n	<li>Diharapkan dengan adanya sistem ini pula, terbentuk budaya <em>paperless reporting</em> sehingga meningkatkan efesiensi anggaran dan serta mensentralilasasi dokumen agar mudah dikelola bersama dan meminimalisir potensi hilangnya dokumen kerja.</li>\r\n</ol>\r\n');

/*!40101 SET CHARACTER_SET_CLIENT=@OLD_CHARACTER_SET_CLIENT */;
/*!40101 SET CHARACTER_SET_RESULTS=@OLD_CHARACTER_SET_RESULTS */;
/*!40101 SET COLLATION_CONNECTION=@OLD_COLLATION_CONNECTION */;
